TARIH,MAC_NO,IL
04.01.2021,CCD3C13336E5,TR/048
13.01.2021,CCD3C1680CC0,TR/034
13.01.2021,CCD3C16B21CC,TR/034
28.01.2021,CCD3C17876CB,TR/034
28.01.2021,CCD3C19EA6FA,TR/034
02.02.2021,CCD3C1AA84B2,TR/020
04.02.2021,CCD3C13336E5,TR/048
11.02.2021,CCD3C1AB6DFD,TR/034
15.02.2021,CCD3C1A7833B,TR/035
21.02.2021,CCD3C1AC7345,TR/007
22.02.2021,CCD3C168D7A5,TR/059
05.03.2021,CCD3C19EEB5F,TR/034
13.03.2021,CCD3C1772185,TR/034
16.03.2021,CCD3C1A88D5C,TR/061
18.03.2021,CCD3C1A8134D,TR/031
18.03.2021,CCD3C17793D9,TR/027
18.03.2021,CCD3C18EDC48,TR/020
25.03.2021,CCD3C1C1EAC3,TR/034
26.03.2021,CCD3C1AB3514,TR/053
26.03.2021,CCD3C1BC0824,TR/080
26.03.2021,CCD3C16B21CC,TR/034
26.03.2021,CCD3C177EAA8,TR/006
26.03.2021,CCD3C1788A0B,TR/034
27.03.2021,CCD3C1A8724C,TR/006
29.03.2021,CCD3C1781BB7,TR/034
29.03.2021,CCD3C1791DCF,TR/054
29.03.2021,CCD3C1964806,TR/007
31.03.2021,CCD3C1346744,TR/035
31.03.2021,CCD3C16871FD,TR/041
31.03.2021,CCD3C1A87143,TR/007
31.03.2021,CCD3C1A961AE,TR/006
01.04.2021,CCD3C1798719,TR/035
01.04.2021,CCD3C1682523,TR/034
01.04.2021,CCD3C1969A8A,TR/035
02.04.2021,CCD3C16844CC,TR/035
02.04.2021,CCD3C16855C6,TR/048
02.04.2021,CCD3C16B8ADC,TR/034
03.04.2021,CCD3C1BA1B64,TR/034
03.04.2021,CCD3C1BA1B66,TR/034
05.04.2021,CCD3C1BBCE3C,TR/035
05.04.2021,CCD3C16808F9,TR/007
05.04.2021,CCD3C19656C0,TR/034
05.04.2021,CCD3C1683A99,TR/035
05.04.2021,CCD3C1AA864B,TR/034
05.04.2021,CCD3C1BBD0C0,TR/006
06.04.2021,CCD3C1A8732C,TR/034
06.04.2021,CCD3C16B7EC5,TR/034
06.04.2021,CCD3C196CCDE,TR/006
06.04.2021,CCD3C16AC1A9,TR/074
06.04.2021,CCD3C16AFDE5,TR/034
07.04.2021,CCD3C179A58F,TR/038
07.04.2021,CCD3C173D0FA,TR/034
07.04.2021,CCD3C1BC10E6,TR/008
07.04.2021,CCD3C1789BB2,TR/006
07.04.2021,CCD3C19718D1,TR/034
07.04.2021,CCD3C1AB80C5,TR/035
07.04.2021,CCD3C1BC1217,TR/035
08.04.2021,CCD3C176A088,TR/046
08.04.2021,CCD3C1777A11,TR/042
08.04.2021,CCD3C16808E5,TR/034
08.04.2021,CCD3C1A9B776,TR/006
09.04.2021,CCD3C16896E8,TR/007
09.04.2021,CCD3C19718C2,TR/034
09.04.2021,CCD3C1BA8573,TR/020
10.04.2021,CCD3C1346725,TR/010
11.04.2021,CCD3C1BC9F9A,TR/006
12.04.2021,CCD3C1BA6936,TR/034
12.04.2021,CCD3C1BCE849,TR/006
12.04.2021,CCD3C1BB2BED,TR/053
12.04.2021,CCD3C178823D,TR/038
12.04.2021,CCD3C16B7CDF,TR/081
12.04.2021,CCD3C1BC6211,TR/001
12.04.2021,CCD3C16AA3A1,TR/033
12.04.2021,CCD3C1DE6C0E,TR/044
12.04.2021,CCD3C1DF47F1,TR/039
12.04.2021,CCD3C173A94F,TR/016
13.04.2021,CCD3C196F27D,TR/006
13.04.2021,CCD3C1DF3A2A,TR/034
13.04.2021,CCD3C19EF1FC,TR/028
13.04.2021,CCD3C1BA8FEA,TR/080
13.04.2021,CCD3C1BBC0BD,TR/080
14.04.2021,CCD3C1BBCA0F,TR/034
14.04.2021,CCD3C1786BD3,TR/006
14.04.2021,CCD3C177F12F,TR/034
14.04.2021,CCD3C177C6BF,TR/020
14.04.2021,CCD3C1AB85C7,TR/006
14.04.2021,CCD3C177C5C6,TR/027
14.04.2021,CCD3C17A33DF,TR/035
15.04.2021,CCD3C16AB7A3,TR/007
15.04.2021,CCD3C1967F6A,TR/045
15.04.2021,CCD3C1974E53,TR/007
15.04.2021,CCD3C1BCAEE9,TR/034
15.04.2021,CCD3C1A7D33F,TR/003
15.04.2021,CCD3C167C3A2,TR/034
15.04.2021,CCD3C13337CE,TR/001
16.04.2021,CCD3C17A2D97,TR/045
16.04.2021,CCD3C1769A23,TR/034
17.04.2021,CCD3C1D9C449,TR/035
19.04.2021,CCD3C19EB5DE,TR/007
19.04.2021,CCD3C1346CB8,TR/034
19.04.2021,CCD3C17A3D36,TR/034
20.04.2021,CCD3C197B068,TR/038
20.04.2021,CCD3C177EC47,TR/034
20.04.2021,CCD3C1A85C9A,TR/006
20.04.2021,CCD3C197B082,TR/068
21.04.2021,CCD3C16A321E,TR/081
21.04.2021,CCD3C134674B,TR/020
21.04.2021,CCD3C1DBC3C4,TR/038
22.04.2021,CCD3C16AF6AC,TR/032
22.04.2021,CCD3C1A96222,TR/007
22.04.2021,CCD3C1DA6CC6,TR/026
22.04.2021,CCD3C1DBBFDE,TR/070
22.04.2021,CCD3C1A8B991,TR/028
22.04.2021,CCD3C1BC11FB,TR/034
22.04.2021,CCD3C16863DE,TR/046
23.04.2021,CCD3C1DF4637,TR/055
26.04.2021,CCD3C1DE788B,TR/041
26.04.2021,CCD3C1BA7F69,TR/001
26.04.2021,CCD3C16AF9F8,TR/006
26.04.2021,CCD3C17738AE,TR/023
26.04.2021,CCD3C1A7BA16,TR/006
26.04.2021,CCD3C1DDCD52,TR/048
27.04.2021,CCD3C1333743,TR/023
27.04.2021,CCD3C16AB906,TR/034
27.04.2021,CCD3C1A8AA80,TR/032
27.04.2021,CCD3C1AA9A2B,TR/034
27.04.2021,CCD3C1AC75D9,TR/041
27.04.2021,CCD3C1BC427B,TR/006
27.04.2021,CCD3C1BBCA62,TR/001
27.04.2021,CCD3C1796DE1,TR/028
27.04.2021,CCD3C1DBBDFF,TR/001
27.04.2021,CCD3C1DF046E,TR/037
28.04.2021,CCD3C1DD1C31,TR/034
28.04.2021,CCD3C1DBC0DB,TR/002
28.04.2021,CCD3C177860C,TR/027
28.04.2021,CCD3C1BA25B7,TR/035
28.04.2021,CCD3C178CC46,TR/044
28.04.2021,CCD3C173C4A8,TR/035
28.04.2021,CCD3C176946D,TR/034
28.04.2021,CCD3C173D1A7,TR/006
28.04.2021,CCD3C1A9257B,TR/012
29.04.2021,CCD3C13337FF,TR/020
29.04.2021,CCD3C168312F,TR/045
29.04.2021,CCD3C169E540,TR/044
30.04.2021,CCD3C1DD7F8C,TR/044
30.04.2021,CCD3C1B9B94E,TR/034
30.04.2021,CCD3C1BA1B2D,TR/016
30.04.2021,CCD3C1DA8F6F,TR/045
30.04.2021,CCD3C1A7C07B,TR/070
02.05.2021,CCD3C1DF49BD,TR/034
03.05.2021,CCD3C1A9C379,TR/006
03.05.2021,CCD3C1DD359F,TR/066
03.05.2021,CCD3C196BA6A,TR/034
03.05.2021,CCD3C1ABCDD7,TR/034
03.05.2021,CCD3C1333658,TR/034
04.05.2021,CCD3C1DBBD99,TR/047
04.05.2021,CCD3C1D969AA,TR/045
04.05.2021,CCD3C1DD1728,TR/041
04.05.2021,CCD3C1DBF80B,TR/026
04.05.2021,CCD3C1DD861E,TR/006
05.05.2021,CCD3C1DD5C40,TR/031
05.05.2021,CCD3C1BA1B1D,TR/048
05.05.2021,CCD3C1DC9345,TR/016
05.05.2021,CCD3C1DE05AF,TR/055
05.05.2021,CCD3C1DBF53D,TR/034
05.05.2021,CCD3C1FE197E,TR/034
06.05.2021,CCD3C17747F6,TR/034
06.05.2021,CCD3C1BBF6AC,TR/006
06.05.2021,CCD3C1BC115F,TR/006
06.05.2021,CCD3C1BB5DC7,TR/009
06.05.2021,CCD3C1BA8578,TR/006
07.05.2021,CCD3C17986E0,TR/035
07.05.2021,CCD3C1DC33B9,TR/059
07.05.2021,CCD3C1D96600,TR/045
07.05.2021,CCD3C19EE5EC,TR/035
07.05.2021,CCD3C1DC9345,TR/016
07.05.2021,CCD3C1BB352B,TR/034
08.05.2021,CCD3C1DBE4F2,TR/035
10.05.2021,CCD3C1DC94D1,TR/080
10.05.2021,CCD3C1DAA35C,TR/006
10.05.2021,CCD3C1333863,TR/048
10.05.2021,CCD3C1DC50BC,TR/012
10.05.2021,CCD3C1D964FA,TR/016
10.05.2021,CCD3C1BCB167,TR/034
10.05.2021,CCD3C1A85306,TR/034
11.05.2021,CCD3C1A780C3,TR/006
11.05.2021,CCD3C1965BEF,TR/028
12.05.2021,CCD3C1789751,TR/035
12.05.2021,CCD3C1BB4A08,TR/017
17.05.2021,CCD3C1A7CCA7,TR/007
17.05.2021,CCD3C1DDB9E5,TR/034
17.05.2021,CCD3C1778670,TR/079
17.05.2021,CCD3C195EEE9,TR/027
17.05.2021,CCD3C1A89AFA,TR/045
17.05.2021,CCD3C1D9DA8B,TR/006
17.05.2021,CCD3C173A62C,TR/006
18.05.2021,CCD3C17A2354,TR/033
18.05.2021,CCD3C1DB1734,TR/052
18.05.2021,CCD3C1DC9336,TR/021
18.05.2021,CCD3C16AC313,TR/034
18.05.2021,CCD3C1DC8F93,TR/031
18.05.2021,CCD3C1BA85E2,TR/016
18.05.2021,CCD3C1D9C28C,TR/001
19.05.2021,CCD3C1BB679A,TR/027
19.05.2021,CCD3C1BC1144,TR/007
19.05.2021,CCD3C1D9BE84,TR/042
19.05.2021,CCD3C173C0AA,TR/003
19.05.2021,CCD3C1BCD616,TR/038
20.05.2021,CCD3C1DD5967,TR/032
20.05.2021,CCD3C1680C73,TR/035
20.05.2021,CCD3C196DD6D,TR/009
20.05.2021,CCD3C1DA6A2F,TR/034
20.05.2021,CCD3C1DC8073,TR/080
20.05.2021,CCD3C1DBC3A7,TR/016
20.05.2021,CCD3C1DA39C5,TR/034
21.05.2021,CCD3C196CCBA,TR/033
21.05.2021,CCD3C1A80E63,TR/035
21.05.2021,CCD3C1FE03B3,TR/038
21.05.2021,CCD3C1769D81,TR/027
21.05.2021,CCD3C167C417,TR/034
21.05.2021,CCD3C1BBB357,TR/001
22.05.2021,CCD3C1D93C53,TR/036
22.05.2021,CCD3C197B05C,TR/045
23.05.2021,CCD3C1AA8E92,TR/027
24.05.2021,CCD3C1BBC95B,TR/007
24.05.2021,CCD3C1680C38,TR/035
24.05.2021,CCD3C1BC1160,TR/052
24.05.2021,CCD3C19EA406,TR/035
24.05.2021,CCD3C1A93258,TR/041
25.05.2021,CCD3C1DA6BEF,TR/047
25.05.2021,CCD3C1FD9E4A,TR/034
25.05.2021,CCD3C178ACF8,TR/035
25.05.2021,CCD3C1DB2095,TR/031
27.05.2021,CCD3C1BCB9D6,TR/034
27.05.2021,CCD3C1A7C86B,TR/035
27.05.2021,CCD3C1AB8053,TR/034
27.05.2021,CCD3C1D9334B,TR/001
27.05.2021,CCD3C168126B,TR/020
28.05.2021,CCD3C1A79D6F,TR/033
28.05.2021,CCD3C1BC4212,TR/033
28.05.2021,CCD3C1961B8B,TR/045
28.05.2021,CCD3C173D07B,TR/034
28.05.2021,CCD3C1DEC4F4,TR/020
28.05.2021,CCD3C1A987EB,TR/031
28.05.2021,CCD3C1DB4772,TR/048
28.05.2021,CCD3C1A782E3,TR/035
29.05.2021,ECBE5F04CD35,TR/020
31.05.2021,CCD3C1A977F4,TR/023
31.05.2021,CCD3C1DB72A4,TR/034
31.05.2021,CCD3C19783C9,TR/029
31.05.2021,CCD3C1796214,TR/027
31.05.2021,CCD3C1DA3B11,TR/045
31.05.2021,CCD3C13336DA,TR/035
31.05.2021,CCD3C16A7A42,TR/026
31.05.2021,CCD3C1DD6E47,TR/016
01.06.2021,ECBE5F06A7DD,TR/045
01.06.2021,CCD3C1DBBC81,TR/031
01.06.2021,CCD3C1DBE071,TR/044
01.06.2021,CCD3C1AB7EB4,TR/038
01.06.2021,ECBE5F052B1B,TR/006
01.06.2021,CCD3C1FEE60B,TR/006
01.06.2021,CCD3C1DAE627,TR/032
01.06.2021,ECBE5F06C79C,TR/034
02.06.2021,CCD3C1DDA387,TR/055
02.06.2021,CCD3C1DC8C63,TR/007
02.06.2021,CCD3C1DB11C4,TR/035
02.06.2021,CCD3C1A869B3,TR/052
02.06.2021,CCD3C1BB43A2,TR/067
02.06.2021,CCD3C1346C44,TR/015
02.06.2021,CCD3C16B6463,TR/007
03.06.2021,ECBE5F06A0C2,TR/006
03.06.2021,CCD3C19ED96F,TR/006
03.06.2021,CCD3C1D9F29A,TR/064
03.06.2021,CCD3C168A85F,TR/041
03.06.2021,CCD3C1D9C3DC,TR/068
04.06.2021,CCD3C1BA1830,TR/059
04.06.2021,CCD3C16829F7,TR/035
04.06.2021,CCD3C1FD634F,TR/044
04.06.2021,CCD3C1FDDC02,TR/006
05.06.2021,ECBE5F03DA62,TR/011
05.06.2021,ECBE5F0456E4,TR/038
05.06.2021,CCD3C16B1564,TR/045
05.06.2021,CCD3C1FE1625,TR/034
05.06.2021,CCD3C1796A34,TR/063
06.06.2021,CCD3C1DD7D2E,TR/034
06.06.2021,CCD3C168C45B,TR/051
07.06.2021,CCD3C1BB4348,TR/006
07.06.2021,CCD3C1BBC3ED,TR/010
07.06.2021,ECBE5F037A17,TR/007
07.06.2021,ECBE5F079B81,TR/034
07.06.2021,CCD3C1DF4970,TR/006
07.06.2021,CCD3C16B282F,TR/006
08.06.2021,CCD3C1DA2768,TR/055
08.06.2021,CCD3C168A741,TR/035
08.06.2021,CCD3C178BCD0,TR/052
08.06.2021,CCD3C1D9F2BE,TR/034
08.06.2021,ECBE5F0503E8,TR/001
09.06.2021,CCD3C1DA8DED,TR/045
09.06.2021,CCD3C1BC8A60,TR/079
09.06.2021,CCD3C1A85E2E,TR/006
09.06.2021,ECBE5F06B02C,TR/031
09.06.2021,CCD3C1A79395,TR/034
10.06.2021,CCD3C1771339,TR/055
10.06.2021,CCD3C1779069,TR/016
10.06.2021,CCD3C1DE5D12,TR/041
11.06.2021,CCD3C1BA28C5,TR/035
11.06.2021,CCD3C16AD6A1,TR/033
11.06.2021,CCD3C1D9EFAA,TR/035
11.06.2021,CCD3C1784C4F,TR/008
11.06.2021,CCD3C1AB4A71,TR/034
11.06.2021,CCD3C1DACB24,TR/006
11.06.2021,ECBE5F051DE4,TR/044
11.06.2021,CCD3C1960B04,TR/010
12.06.2021,CCD3C1FE17FD,TR/034
14.06.2021,CCD3C1DD85EE,TR/046
14.06.2021,ECBE5F07CFEF,TR/023
14.06.2021,CCD3C169FCA6,TR/031
15.06.2021,ECBE5F069EAC,TR/020
15.06.2021,ECBE5F06285E,TR/031
15.06.2021,CCD3C1DC9A16,TR/016
15.06.2021,CCD3C1FE72AC,TR/038
15.06.2021,CCD3C1DA869C,TR/031
16.06.2021,CCD3C1FD6227,TR/044
16.06.2021,CCD3C1DB34C4,TR/034
16.06.2021,CCD3C197B0AD,TR/006
16.06.2021,CCD3C1778763,TR/007
16.06.2021,CCD3C168D434,TR/048
17.06.2021,ECBE5F06BA08,TR/006
17.06.2021,CCD3C1FE9BB3,TR/034
17.06.2021,CCD3C1DE716B,TR/033
17.06.2021,CCD3C16B5D08,TR/002
17.06.2021,CCD3C1A84167,TR/034
17.06.2021,CCD3C195F97C,TR/067
17.06.2021,CCD3C177C145,TR/034
18.06.2021,ECBE5F13A4A0,TR/006
18.06.2021,CCD3C1DC95C8,TR/031
19.06.2021,CCD3C1DCBB98,TR/080
19.06.2021,CCD3C1BC122F,TR/006
19.06.2021,CCD3C168094B,TR/061
19.06.2021,ECBE5F03F128,TR/034
19.06.2021,ECBE5F03CB80,TR/016
21.06.2021,ECBE5F061475,TR/034
21.06.2021,ECBE5F06981F,TR/073
21.06.2021,ECBE5F0591A1,TR/034
21.06.2021,ECBE5F062835,TR/006
21.06.2021,CCD3C1DC245A,TR/034
21.06.2021,ECBE5F13A4BC,TR/035
21.06.2021,ECBE5F07A542,TR/035
21.06.2021,CCD3C1BB3EDA,TR/052
21.06.2021,ECBE5F034EB6,TR/006
21.06.2021,CCD3C1BB42AE,TR/058
22.06.2021,ECBE5F128196,TR/007
22.06.2021,ECBE5F03EA54,TR/034
22.06.2021,CCD3C1333798,TR/035
22.06.2021,CCD3C1DC34B1,TR/034
23.06.2021,ECBE5F055193,TR/006
23.06.2021,ECBE5F07CA93,TR/034
23.06.2021,CCD3C1DB5CCB,TR/034
23.06.2021,CCD3C1DF424F,TR/016
24.06.2021,ECBE5F06F77A,TR/017
24.06.2021,CCD3C1790D14,TR/045
24.06.2021,CCD3C1AA97FA,TR/063
24.06.2021,ECBE5F0552E9,TR/006
24.06.2021,CCD3C1FEB457,TR/035
24.06.2021,CCD3C1DC9382,TR/006
24.06.2021,CCD3C1A7CCA6,TR/006
25.06.2021,CCD3C1BC9FEE,TR/052
25.06.2021,CCD3C1DB3769,TR/045
25.06.2021,ECBE5F05AA3E,TR/009
25.06.2021,CCD3C1DC238D,TR/035
25.06.2021,CCD3C195F670,TR/022
25.06.2021,CCD3C1AB77C4,TR/006
26.06.2021,ECBE5F06F1E8,TR/032
26.06.2021,CCD3C1FDDC85,TR/006
26.06.2021,CCD3C1FD8E99,TR/026
26.06.2021,CCD3C1A7678C,TR/026
26.06.2021,ECBE5F054718,TR/042
26.06.2021,ECBE5F04FCFF,TR/034
28.06.2021,CCD3C1D924B2,TR/020
28.06.2021,CCD3C1B9A82D,TR/052
28.06.2021,ECBE5F03CC8E,TR/006
28.06.2021,CCD3C196BC7E,TR/068
28.06.2021,CCD3C19EF637,TR/035
28.06.2021,CCD3C1769951,TR/020
28.06.2021,CCD3C178D271,TR/068
28.06.2021,ECBE5F07C811,TR/035
28.06.2021,ECBE5F0344FE,TR/046
28.06.2021,CCD3C1FE16EA,TR/001
28.06.2021,ECBE5F054D49,TR/007
28.06.2021,CCD3C1FE1A02,TR/034
28.06.2021,CCD3C1776CEC,TR/001
29.06.2021,CCD3C1DC353C,TR/034
29.06.2021,ECBE5F079152,TR/031
29.06.2021,ECBE5F068950,TR/006
29.06.2021,CCD3C1FE9EA2,TR/076
29.06.2021,ECBE5F142A6D,TR/023
29.06.2021,ECBE5F034DB3,TR/007
29.06.2021,ECBE5F05AA56,TR/067
30.06.2021,CCD3C1DC2191,TR/059
30.06.2021,CCD3C16862AB,TR/031
30.06.2021,CCD3C1680F2B,TR/041
30.06.2021,CCD3C1B9BA78,TR/077
30.06.2021,CCD3C1FE1A8E,TR/034
30.06.2021,CCD3C1FE0B48,TR/038
30.06.2021,CCD3C1BA7F71,TR/034
30.06.2021,ECBE5F06F8E6,TR/034
30.06.2021,CCD3C169EC5B,TR/033
30.06.2021,CCD3C1FE1782,TR/034
30.06.2021,CCD3C1DDCD44,TR/034
01.07.2021,ECBE5F07C85D,TR/037
01.07.2021,CCD3C1FE7B33,TR/038
01.07.2021,CCD3C178B183,TR/017
01.07.2021,CCD3C1DB0F02,TR/041
01.07.2021,CCD3C1780A34,TR/006
01.07.2021,CCD3C1FE16D1,TR/034
01.07.2021,CCD3C1688593,TR/034
02.07.2021,ECBE5F181E30,TR/035
02.07.2021,ECBE5F03C29D,TR/059
03.07.2021,CCD3C1FE15A4,TR/034
03.07.2021,ECBE5F059476,TR/007
03.07.2021,ECBE5F061204,TR/034
03.07.2021,CCD3C17A1F14,TR/034
03.07.2021,CCD3C1DD7CED,TR/006
04.07.2021,CCD3C1BA1B1B,TR/034
04.07.2021,ECBE5F18126D,TR/007
05.07.2021,CCD3C1FE8A6E,TR/035
05.07.2021,ECBE5F0554CC,TR/006
05.07.2021,CCD3C179299D,TR/045
05.07.2021,CCD3C1DED665,TR/042
05.07.2021,CCD3C1BA1B1B,TR/034
05.07.2021,ECBE5F19A016,TR/006
05.07.2021,ECBE5F0461F1,TR/033
06.07.2021,CCD3C173AD55,TR/027
06.07.2021,CCD3C1BB74AB,TR/034
06.07.2021,ECBE5F04CC50,TR/053
06.07.2021,ECBE5F040ED4,TR/007
06.07.2021,CCD3C1D9F236,TR/045
06.07.2021,CCD3C1D9E371,TR/062
06.07.2021,ECBE5F19CC4E,TR/007
06.07.2021,CCD3C1BB8C25,TR/034
06.07.2021,CCD3C1FD7B2A,TR/044
06.07.2021,CCD3C1DC9447,TR/006
06.07.2021,ECBE5F13A5BC,TR/014
06.07.2021,CCD3C1A96019,TR/046
06.07.2021,CCD3C1DA8F8D,TR/003
06.07.2021,ECBE5F0586DD,TR/042
07.07.2021,CCD3C1FE19B7,TR/035
07.07.2021,ECBE5F054D85,TR/056
07.07.2021,CCD3C1DEF83D,TR/041
07.07.2021,CCD3C1DE3A7B,TR/006
07.07.2021,CCD3C1769DDF,TR/006
08.07.2021,CCD3C1DE9D7E,TR/042
08.07.2021,CCD3C177F2BD,TR/033
08.07.2021,CCD3C1DB3656,TR/036
08.07.2021,CCD3C1DE8DE4,TR/045
08.07.2021,ECBE5F19CC79,TR/034
08.07.2021,CCD3C1BA8785,TR/034
08.07.2021,CCD3C1FDBEB3,TR/021
08.07.2021,CCD3C1BBEC29,TR/011
08.07.2021,CCD3C1A7C54B,TR/013
08.07.2021,CCD3C1FE15AD,TR/034
09.07.2021,CCD3C1FD8CFB,TR/035
09.07.2021,ECBE5F07C90B,TR/041
09.07.2021,CCD3C167C40C,TR/053
09.07.2021,CCD3C177B864,TR/081
09.07.2021,ECBE5F06D114,TR/035
09.07.2021,CCD3C1DB1C3E,TR/055
09.07.2021,CCD3C197A756,TR/027
09.07.2021,CCD3C1A77A50,TR/007
09.07.2021,ECBE5F1C6AF6,TR/007
09.07.2021,ECBE5F19A9FB,TR/045
09.07.2021,CCD3C1DE2249,TR/006
09.07.2021,CCD3C1BBF8B9,TR/006
09.07.2021,CCD3C1DC05B8,TR/034
09.07.2021,CCD3C179B385,TR/034
10.07.2021,ECBE5F18106F,TR/052
10.07.2021,CCD3C1A89EF9,TR/053
10.07.2021,ECBE5F1A644A,TR/055
10.07.2021,CCD3C169E7BD,TR/048
10.07.2021,ECBE5F05DC14,TR/035
10.07.2021,ECBE5F054EA4,TR/045
10.07.2021,CCD3C178C820,TR/068
10.07.2021,CCD3C179576D,TR/063
10.07.2021,ECBE5F05D765,TR/042
10.07.2021,CCD3C1FE193B,TR/034
10.07.2021,CCD3C1346EAB,TR/035
10.07.2021,ECBE5F13A4B0,TR/006
10.07.2021,ECBE5F033CAE,TR/038
10.07.2021,ECBE5F0553E9,TR/042
11.07.2021,ECBE5F13427C,TR/034
11.07.2021,CCD3C1DACC93,TR/006
11.07.2021,CCD3C1FE2CBC,TR/034
11.07.2021,ECBE5F07CD71,TR/006
12.07.2021,ECBE5F03B333,TR/041
12.07.2021,ECBE5F1A391C,TR/035
12.07.2021,CCD3C1DC2FEE,TR/022
12.07.2021,CCD3C18AEDFE,TR/019
12.07.2021,CCD3C1BA8555,TR/034
12.07.2021,CCD3C168958F,TR/041
12.07.2021,ECBE5F0554BA,TR/033
12.07.2021,CCD3C179BC35,TR/055
12.07.2021,ECBE5F062D98,TR/048
12.07.2021,ECBE5F1CB07E,TR/034
12.07.2021,ECBE5F03987A,TR/009
12.07.2021,CCD3C16A3CDD,TR/017
12.07.2021,CCD3C1BA6FA5,TR/028
12.07.2021,ECBE5F04F17C,TR/007
12.07.2021,CCD3C1FE1959,TR/034
13.07.2021,CCD3C1DCBF27,TR/008
13.07.2021,ECBE5F06B4AD,TR/035
13.07.2021,CCD3C1A7F75E,TR/006
13.07.2021,CCD3C1788E9F,TR/007
13.07.2021,ECBE5F1BC9BF,TR/022
13.07.2021,CCD3C1DB4358,TR/001
14.07.2021,CCD3C168E9C0,TR/006
14.07.2021,CCD3C1DB4003,TR/034
14.07.2021,CCD3C1FE19BE,TR/034
14.07.2021,ECBE5F13A4CC,TR/034
14.07.2021,CCD3C1BBBAF8,TR/034
14.07.2021,CCD3C1FD8975,TR/030
14.07.2021,ECBE5F0780B8,TR/067
15.07.2021,ECBE5F0547F7,TR/040
15.07.2021,ECBE5F0660A6,TR/010
15.07.2021,ECBE5F07C462,TR/080
15.07.2021,CCD3C1BB686E,TR/055
15.07.2021,CCD3C134682C,TR/016
15.07.2021,CCD3C1BC1178,TR/034
15.07.2021,ECBE5F181861,TR/045
15.07.2021,CCD3C1DD8521,TR/035
15.07.2021,CCD3C1BA1B62,TR/055
15.07.2021,CCD3C1972905,TR/027
15.07.2021,CCD3C1FE0568,TR/035
15.07.2021,CCD3C1A771BE,TR/031
15.07.2021,CCD3C1DD7E8C,TR/027
15.07.2021,CCD3C19794DB,TR/020
15.07.2021,CCD3C1A85559,TR/045
15.07.2021,CCD3C1DC8C63,TR/007
15.07.2021,CCD3C1FE5283,TR/034
15.07.2021,CCD3C168CFC8,TR/054
15.07.2021,CCD3C1DA101D,TR/081
16.07.2021,CCD3C1A7D166,TR/009
16.07.2021,CCD3C1D9FABB,TR/034
16.07.2021,CCD3C1697821,TR/052
16.07.2021,CCD3C1DC6E13,TR/047
16.07.2021,CCD3C1C108E6,TR/034
16.07.2021,CCD3C1FE15F1,TR/034
16.07.2021,CCD3C179384A,TR/021
16.07.2021,CCD3C1960515,TR/035
17.07.2021,ECBE5F30FB53,TR/023
17.07.2021,CCD3C1AAA3EE,TR/034
17.07.2021,CCD3C1DA765A,TR/041
17.07.2021,CCD3C1BA8577,TR/081
17.07.2021,CCD3C1DBE457,TR/019
17.07.2021,ECBE5F1810F6,TR/054
17.07.2021,ECBE5F05D400,TR/014
17.07.2021,CCD3C1987F6D,TR/006
17.07.2021,ECBE5F1380C5,TR/035
17.07.2021,CCD3C1BA3EDB,TR/034
17.07.2021,CCD3C19EEAEF,TR/044
17.07.2021,CCD3C1DC94D2,TR/034
17.07.2021,ECBE5F13A6AC,TR/009
17.07.2021,ECBE5F1A4BB6,TR/032
17.07.2021,CCD3C177E1D3,TR/034
17.07.2021,CCD3C1D972AD,TR/078
18.07.2021,CCD3C17A0510,TR/033
18.07.2021,CCD3C1D93319,TR/042
18.07.2021,ECBE5F1BCC07,TR/034
18.07.2021,ECBE5F031CE2,TR/034
18.07.2021,CCD3C196EE68,TR/061
18.07.2021,CCD3C1A87605,TR/041
18.07.2021,ECBE5F05473A,TR/006
19.07.2021,CCD3C19EF4D3,TR/042
19.07.2021,ECBE5F036462,TR/048
19.07.2021,CCD3C1DC936B,TR/041
19.07.2021,CCD3C1FE522B,TR/034
19.07.2021,ECBE5F05494F,TR/006
19.07.2021,CCD3C1DCC68C,TR/006
21.07.2021,CCD3C1DB38B6,TR/006
21.07.2021,CCD3C1FE17F5,TR/031
22.07.2021,CCD3C16A7D2A,TR/060
22.07.2021,ECBE5F142E35,TR/045
22.07.2021,ECBE5F1A345D,TR/034
22.07.2021,CCD3C1D9F0A1,TR/034
23.07.2021,ECBE5F181581,TR/034
23.07.2021,CCD3C17A33C0,TR/061
23.07.2021,ECBE5F045764,TR/080
23.07.2021,ECBE5F1A6155,TR/059
23.07.2021,ECBE5F1D7B1E,TR/001
23.07.2021,ECBE5F1B0AFD,TR/017
23.07.2021,ECBE5F1A3953,TR/001
24.07.2021,CCD3C1BCBB19,TR/048
24.07.2021,ECBE5F1C90C7,TR/006
24.07.2021,CCD3C1DBA21C,TR/006
24.07.2021,ECBE5F1B097A,TR/011
24.07.2021,CCD3C16B0077,TR/010
24.07.2021,CCD3C1FE6002,TR/065
24.07.2021,ECBE5F054ED4,TR/034
24.07.2021,CCD3C1BBCC63,TR/016
24.07.2021,CCD3C1FD8F94,TR/001
24.07.2021,ECBE5F116A27,TR/035
24.07.2021,CCD3C16A2410,TR/006
24.07.2021,ECBE5F19792D,TR/007
24.07.2021,ECBE5F129F16,TR/033
24.07.2021,CCD3C1BC116B,TR/026
25.07.2021,ECBE5F129DE5,TR/035
25.07.2021,CCD3C1DBA5DC,TR/006
25.07.2021,ECBE5F18B32C,TR/042
25.07.2021,CCD3C1DD1C87,TR/006
25.07.2021,ECBE5F1B0427,TR/006
26.07.2021,CCD3C1FEA457,TR/035
26.07.2021,CCD3C1779081,TR/016
26.07.2021,CCD3C1793C83,TR/027
26.07.2021,ECBE5F06C933,TR/020
26.07.2021,CCD3C177AC53,TR/056
26.07.2021,ECBE5F05FAC9,TR/034
26.07.2021,ECBE5F03D235,TR/045
26.07.2021,CCD3C1DBC4B7,TR/016
26.07.2021,ECBE5F12A85C,TR/007
26.07.2021,CCD3C1D932F9,TR/006
26.07.2021,CCD3C1784E54,TR/020
26.07.2021,ECBE5F04E55D,TR/044
26.07.2021,ECBE5F12F160,TR/009
26.07.2021,CCD3C1DB392B,TR/054
27.07.2021,CCD3C1BA82FC,TR/034
27.07.2021,ECBE5F1D1E2A,TR/053
27.07.2021,ECBE5F1D75D6,TR/035
27.07.2021,ECBE5F13A4D7,TR/045
27.07.2021,ECBE5F07C458,TR/006
27.07.2021,ECBE5F182671,TR/025
27.07.2021,CCD3C168301F,TR/034
27.07.2021,ECBE5F05663D,TR/042
27.07.2021,CCD3C1A7D000,TR/016
27.07.2021,CCD3C178770C,TR/016
28.07.2021,CCD3C1DF4EDD,TR/035
28.07.2021,CCD3C1DBA3C9,TR/002
28.07.2021,ECBE5F19CA58,TR/045
28.07.2021,ECBE5F1C5C12,TR/037
28.07.2021,ECBE5F1A1079,TR/045
28.07.2021,CCD3C1346B45,TR/072
28.07.2021,ECBE5F1CF999,TR/035
28.07.2021,ECBE5F069DCD,TR/016
28.07.2021,CCD3C1BA8C74,TR/001
28.07.2021,CCD3C1D953FE,TR/043
28.07.2021,CCD3C1DB31D6,TR/067
28.07.2021,ECBE5F1A3FE9,TR/034
28.07.2021,ECBE5F13400B,TR/034
29.07.2021,CCD3C1FE16BB,TR/002
29.07.2021,ECBE5F182A16,TR/035
29.07.2021,CCD3C1DBA213,TR/035
29.07.2021,CCD3C1DC04CF,TR/034
29.07.2021,ECBE5F327923,TR/057
29.07.2021,CCD3C1A86455,TR/034
29.07.2021,ECBE5F1A3835,TR/004
29.07.2021,CCD3C178F324,TR/006
29.07.2021,CCD3C1978DF8,TR/033
29.07.2021,ECBE5F12BF61,TR/038
29.07.2021,CCD3C1A92606,TR/031
29.07.2021,ECBE5F31706F,TR/035
29.07.2021,CCD3C1D9729C,TR/007
29.07.2021,ECBE5F04E7B7,TR/006
29.07.2021,CCD3C1D9C676,TR/034
30.07.2021,CCD3C196B636,TR/027
30.07.2021,CCD3C1DE6597,TR/034
30.07.2021,ECBE5F327E0D,TR/034
30.07.2021,ECBE5F1A44E5,TR/048
30.07.2021,ECBE5F13A824,TR/035
30.07.2021,CCD3C1DE8D6E,TR/034
30.07.2021,ECBE5F19C9D7,TR/034
30.07.2021,ECBE5F126946,TR/021
30.07.2021,CCD3C16836E9,TR/057
30.07.2021,ECBE5F19C9E5,TR/033
30.07.2021,CCD3C13468B2,TR/034
30.07.2021,CCD3C1A855B4,TR/039
31.07.2021,ECBE5F04CB5C,TR/006
31.07.2021,ECBE5F07CBB1,TR/041
31.07.2021,ECBE5F039B8C,TR/041
31.07.2021,ECBE5F19CB3C,TR/007
31.07.2021,ECBE5F1A6A8F,TR/034
31.07.2021,CCD3C176F123,TR/034
31.07.2021,CCD3C1D91D3C,TR/034
31.07.2021,ECBE5F04FEAC,TR/016
01.08.2021,ECBE5F327209,TR/034
01.08.2021,ECBE5F1A10BF,TR/042
01.08.2021,CCD3C1ABC2E9,TR/034
02.08.2021,CCD3C1BC1232,TR/006
02.08.2021,ECBE5F18E9ED,TR/034
02.08.2021,ECBE5F1A3783,TR/045
02.08.2021,CCD3C1AAADDF,TR/048
02.08.2021,CCD3C1DF00E5,TR/026
02.08.2021,ECBE5F1D7CE3,TR/041
02.08.2021,ECBE5F1CF6CF,TR/045
02.08.2021,CCD3C1DACCDF,TR/042
02.08.2021,ECBE5F1D4D3A,TR/048
02.08.2021,ECBE5F0301CA,TR/038
02.08.2021,CCD3C1FDD45D,TR/034
02.08.2021,ECBE5F32E811,TR/034
02.08.2021,ECBE5F05541A,TR/059
03.08.2021,ECBE5F19C9F6,TR/045
03.08.2021,ECBE5F19CB2C,TR/007
03.08.2021,CCD3C16B8909,TR/059
03.08.2021,CCD3C1DDA653,TR/006
03.08.2021,CCD3C1D933BF,TR/001
03.08.2021,CCD3C1DBA192,TR/031
03.08.2021,CCD3C1BCCF85,TR/034
03.08.2021,CCD3C1BC1190,TR/006
03.08.2021,CCD3C179048E,TR/027
03.08.2021,ECBE5F06C05D,TR/035
03.08.2021,CCD3C1DC941D,TR/047
03.08.2021,CCD3C168D9CE,TR/006
03.08.2021,CCD3C1BC58D6,TR/034
03.08.2021,CCD3C1DB3623,TR/059
03.08.2021,ECBE5F19B925,TR/034
03.08.2021,ECBE5F1D1423,TR/034
04.08.2021,ECBE5F0C5DA2,TR/063
04.08.2021,ECBE5F19CCBB,TR/033
04.08.2021,CCD3C196CD91,TR/006
04.08.2021,CCD3C1790FEA,TR/006
04.08.2021,ECBE5F310450,TR/027
04.08.2021,CCD3C17A2E2A,TR/048
04.08.2021,CCD3C1DBC44E,TR/033
04.08.2021,CCD3C1A7A2DD,TR/026
04.08.2021,ECBE5F1C9CCC,TR/055
04.08.2021,CCD3C185D31C,TR/034
05.08.2021,ECBE5F06F169,TR/053
05.08.2021,CCD3C1AAA531,TR/042
05.08.2021,CCD3C1DF3460,TR/035
05.08.2021,CCD3C1BB5CF3,TR/034
05.08.2021,ECBE5F05B5F2,TR/034
05.08.2021,ECBE5F07C698,TR/035
05.08.2021,CCD3C1A8A15A,TR/006
05.08.2021,ECBE5F1CA37A,TR/001
05.08.2021,ECBE5F1D1396,TR/034
05.08.2021,CCD3C178E87F,TR/006
06.08.2021,CCD3C1DB52CA,TR/061
06.08.2021,CCD3C1DEC92A,TR/041
06.08.2021,ECBE5F18EEF6,TR/023
06.08.2021,CCD3C1DF5124,TR/034
06.08.2021,ECBE5F18E8F5,TR/034
06.08.2021,ECBE5F1A65A5,TR/041
06.08.2021,ECBE5F140DAD,TR/054
06.08.2021,ECBE5F1A1077,TR/045
06.08.2021,ECBE5F0547C5,TR/031
06.08.2021,ECBE5F13A75A,TR/034
06.08.2021,ECBE5F327904,TR/042
06.08.2021,CCD3C1DC8E1F,TR/034
06.08.2021,CCD3C17788F1,TR/059
07.08.2021,CCD3C1DACF35,TR/038
07.08.2021,CCD3C1D9F039,TR/041
07.08.2021,ECBE5F327D15,TR/006
07.08.2021,ECBE5F1292D2,TR/045
07.08.2021,CCD3C1DA4E08,TR/035
07.08.2021,ECBE5F12A8A0,TR/044
07.08.2021,ECBE5F31FFF9,TR/067
07.08.2021,ECBE5F181523,TR/034
07.08.2021,ECBE5F182F5F,TR/016
07.08.2021,ECBE5F1A0EBA,TR/007
07.08.2021,ECBE5F19C9EB,TR/021
07.08.2021,ECBE5F1A503B,TR/044
07.08.2021,ECBE5F06F278,TR/009
07.08.2021,CCD3C1DBBF5C,TR/007
07.08.2021,CCD3C1DB1C2E,TR/034
08.08.2021,ECBE5F1A6A19,TR/006
08.08.2021,CCD3C16A244B,TR/007
08.08.2021,ECBE5F19CAAA,TR/021
09.08.2021,CCD3C1BCEF18,TR/034
09.08.2021,CCD3C1FE178C,TR/036
09.08.2021,CCD3C1D9D8E7,TR/059
09.08.2021,CCD3C173CCAE,TR/047
09.08.2021,CCD3C1BB434F,TR/041
09.08.2021,ECBE5F320123,TR/034
10.08.2021,ECBE5F07D018,TR/035
10.08.2021,ECBE5F047426,TR/038
10.08.2021,ECBE5F0542AD,TR/031
10.08.2021,CCD3C1DE9177,TR/034
10.08.2021,ECBE5F13EE7C,TR/065
10.08.2021,CCD3C1DE64F3,TR/058
10.08.2021,CCD3C1DF4B63,TR/048
10.08.2021,ECBE5F083EEE,TR/022
10.08.2021,ECBE5F311BBF,TR/016
10.08.2021,CCD3C1DB30F8,TR/042
10.08.2021,CCD3C1DDCC2C,TR/034
10.08.2021,CCD3C1DB2E8D,TR/006
10.08.2021,ECBE5F1A312C,TR/044
11.08.2021,ECBE5F12352B,TR/023
11.08.2021,ECBE5F1A403C,TR/034
11.08.2021,ECBE5F126483,TR/035
11.08.2021,ECBE5F1D307F,TR/020
11.08.2021,CCD3C1BCCC3C,TR/026
11.08.2021,ECBE5F13A4B7,TR/007
11.08.2021,ECBE5F19B68E,TR/048
11.08.2021,CCD3C179EEB2,TR/052
11.08.2021,ECBE5F19CA32,TR/007
12.08.2021,ECBE5F327EF8,TR/006
13.08.2021,ECBE5F327FA4,TR/006
13.08.2021,ECBE5F0402F6,TR/021
13.08.2021,CCD3C196446E,TR/026
13.08.2021,CCD3C1FE2D46,TR/016
13.08.2021,CCD3C1DEA248,TR/034
13.08.2021,ECBE5F19CBA5,TR/041
14.08.2021,CCD3C1346EA1,TR/063
14.08.2021,CCD3C16AA208,TR/045
14.08.2021,ECBE5F1D1A99,TR/047
14.08.2021,CCD3C1DB4765,TR/034
14.08.2021,CCD3C1BA828D,TR/033
14.08.2021,ECBE5F059329,TR/016
14.08.2021,ECBE5F327F9E,TR/006
16.08.2021,CCD3C196E67F,TR/027
16.08.2021,CCD3C1965ED7,TR/019
16.08.2021,ECBE5F32808E,TR/065
16.08.2021,CCD3C1FDC5DC,TR/033
16.08.2021,CCD3C1DB1730,TR/045
16.08.2021,ECBE5F054E73,TR/048
16.08.2021,CCD3C1DB09C8,TR/041
16.08.2021,ECBE5F1D17FA,TR/054
17.08.2021,CCD3C1BB4347,TR/047
17.08.2021,ECBE5F1D3C3C,TR/060
17.08.2021,ECBE5F1D23ED,TR/059
17.08.2021,ECBE5F041728,TR/009
17.08.2021,ECBE5F13F44C,TR/017
17.08.2021,ECBE5F1D12AC,TR/035
17.08.2021,ECBE5F13F083,TR/034
17.08.2021,ECBE5F1A3ACA,TR/003
17.08.2021,ECBE5F1BD0FC,TR/034
17.08.2021,ECBE5F1CAAB5,TR/030
17.08.2021,ECBE5F13A6BD,TR/007
17.08.2021,ECBE5F19CC1A,TR/034
18.08.2021,CCD3C1FDA168,TR/059
18.08.2021,ECBE5F310548,TR/016
18.08.2021,ECBE5F327A7D,TR/045
18.08.2021,CCD3C17788FD,TR/060
18.08.2021,ECBE5F315BE4,TR/035
18.08.2021,CCD3C1FE1701,TR/034
18.08.2021,CCD3C16B304E,TR/042
18.08.2021,CCD3C1770248,TR/055
18.08.2021,ECBE5F3106C9,TR/061
19.08.2021,ECBE5F33DE55,TR/041
19.08.2021,ECBE5F30FD6D,TR/048
19.08.2021,ECBE5F1AFAF5,TR/021
19.08.2021,CCD3C1BA0735,TR/035
19.08.2021,CCD3C1987F6C,TR/032
19.08.2021,ECBE5F1D144A,TR/033
19.08.2021,ECBE5F31037C,TR/034
19.08.2021,ECBE5F06F77F,TR/016
20.08.2021,CCD3C1FEBB9E,TR/016
20.08.2021,CCD3C1DDB762,TR/025
20.08.2021,ECBE5F07CFBD,TR/046
20.08.2021,ECBE5F06EC8E,TR/006
20.08.2021,ECBE5F13A5A5,TR/025
20.08.2021,CCD3C1DBC833,TR/036
20.08.2021,CCD3C17907C7,TR/034
21.08.2021,CCD3C1DD8565,TR/048
21.08.2021,CCD3C1FE98EE,TR/045
21.08.2021,ECBE5F02E702,TR/047
21.08.2021,ECBE5F062FAE,TR/034
21.08.2021,CCD3C1BA92D7,TR/034
22.08.2021,ECBE5F1A0FD3,TR/034
22.08.2021,CCD3C1BA0BA8,TR/006
23.08.2021,CCD3C1964B6F,TR/038
23.08.2021,CCD3C1A889D2,TR/038
23.08.2021,ECBE5F04836F,TR/006
23.08.2021,CCD3C1FD931D,TR/007
23.08.2021,ECBE5F18D562,TR/038
23.08.2021,CCD3C1AA967A,TR/007
24.08.2021,CCD3C1D9667D,TR/037
24.08.2021,ECBE5F1A126F,TR/042
24.08.2021,ECBE5F19C9FD,TR/007
24.08.2021,CCD3C1D9F03B,TR/034
24.08.2021,ECBE5F32CD41,TR/045
24.08.2021,ECBE5F1C87D0,TR/001
24.08.2021,CCD3C1DE6897,TR/002
24.08.2021,CCD3C17727D4,TR/031
24.08.2021,ECBE5F1D5529,TR/007
24.08.2021,CCD3C1DE6815,TR/034
24.08.2021,ECBE5F1D753A,TR/041
24.08.2021,ECBE5F1D12E6,TR/034
25.08.2021,ECBE5F32DAF5,TR/034
25.08.2021,ECBE5F035DE6,TR/006
25.08.2021,ECBE5F1D632F,TR/013
25.08.2021,CCD3C1DB3505,TR/045
25.08.2021,ECBE5F31FAB1,TR/037
25.08.2021,CCD3C1D9E457,TR/006
25.08.2021,ECBE5F32EC2E,TR/006
26.08.2021,CCD3C1FE1556,TR/006
26.08.2021,CCD3C1BCBC01,TR/025
26.08.2021,ECBE5F1D13BA,TR/001
26.08.2021,ECBE5F33DE6A,TR/006
26.08.2021,ECBE5F142CBE,TR/061
26.08.2021,ECBE5F1BCAE6,TR/007
26.08.2021,ECBE5F322031,TR/020
26.08.2021,CCD3C179312A,TR/001
26.08.2021,CCD3C179EAA7,TR/034
26.08.2021,ECBE5F33DE4F,TR/003
27.08.2021,CCD3C168B7F3,TR/042
27.08.2021,CCD3C167C3B2,TR/006
27.08.2021,CCD3C1FE1769,TR/010
27.08.2021,ECBE5F3278E5,TR/061
27.08.2021,ECBE5F1D37A8,TR/006
27.08.2021,ECBE5F1A315E,TR/035
28.08.2021,CCD3C1788484,TR/048
28.08.2021,ECBE5F3123BC,TR/032
28.08.2021,ECBE5F1D4636,TR/006
28.08.2021,CCD3C176ACE0,TR/023
28.08.2021,CCD3C1DCC506,TR/032
28.08.2021,CCD3C1689DAF,TR/016
28.08.2021,ECBE5F317280,TR/045
29.08.2021,ECBE5F33D4D8,TR/034
29.08.2021,CCD3C1FE6CAB,TR/038
30.08.2021,ECBE5F33676E,TR/034
30.08.2021,ECBE5F327481,TR/041
31.08.2021,ECBE5F1A3E28,TR/007
31.08.2021,CCD3C1979A06,TR/035
31.08.2021,ECBE5F19CB84,TR/045
31.08.2021,ECBE5F19B2E7,TR/034
31.08.2021,ECBE5F1D75A1,TR/007
31.08.2021,CCD3C17700DE,TR/006
31.08.2021,ECBE5F125547,TR/006
31.08.2021,ECBE5F1B004E,TR/021
31.08.2021,ECBE5F328117,TR/034
31.08.2021,ECBE5F1D673E,TR/041
31.08.2021,CCD3C178C52B,TR/061
31.08.2021,ECBE5F32E564,TR/024
31.08.2021,ECBE5F1D3C14,TR/006
01.09.2021,ECBE5F336AF3,TR/006
01.09.2021,ECBE5F1C5FBF,TR/034
01.09.2021,ECBE5F1C6841,TR/010
01.09.2021,ECBE5F04E1FE,TR/023
01.09.2021,ECBE5F18BA61,TR/048
01.09.2021,ECBE5F1A0D89,TR/045
01.09.2021,CCD3C178DD16,TR/072
01.09.2021,ECBE5F06D17B,TR/002
02.09.2021,ECBE5F197B5B,TR/035
02.09.2021,ECBE5F12A9A8,TR/007
02.09.2021,CCD3C19ED69F,TR/035
02.09.2021,CCD3C1BCA81C,TR/034
02.09.2021,ECBE5F0381FE,TR/007
02.09.2021,ECBE5F1CA91B,TR/046
02.09.2021,ECBE5F17F05C,TR/033
03.09.2021,ECBE5F13A74F,TR/062
03.09.2021,ECBE5F337091,TR/034
03.09.2021,ECBE5F1C6C3C,TR/047
03.09.2021,CCD3C1DD0EF8,TR/001
03.09.2021,CCD3C1FE16CC,TR/007
03.09.2021,CCD3C1DAE2E9,TR/052
03.09.2021,ECBE5F33DA6D,TR/034
03.09.2021,ECBE5F311ABF,TR/034
04.09.2021,ECBE5F1D055B,TR/034
05.09.2021,CCD3C1D92CCF,TR/034
05.09.2021,CCD3C1DA357C,TR/052
06.09.2021,ECBE5F1A46AB,TR/009
06.09.2021,ECBE5F06AE77,TR/010
06.09.2021,ECBE5F3379AD,TR/054
06.09.2021,ECBE5F33DFC1,TR/034
06.09.2021,CCD3C1333697,TR/006
06.09.2021,ECBE5F19CB41,TR/072
06.09.2021,ECBE5F33E686,TR/034
06.09.2021,CCD3C1DB84B1,TR/034
06.09.2021,ECBE5F1D5CE2,TR/034
07.09.2021,ECBE5F1C7ACB,TR/068
07.09.2021,ECBE5F33ECAE,TR/035
07.09.2021,ECBE5F05443B,TR/034
07.09.2021,ECBE5F06ED24,TR/034
07.09.2021,ECBE5F33D463,TR/076
07.09.2021,ECBE5F07D52F,TR/016
07.09.2021,ECBE5F33EF00,TR/045
07.09.2021,CCD3C1DA06EE,TR/006
07.09.2021,ECBE5F18E4E1,TR/017
07.09.2021,ECBE5F33DD79,TR/006
08.09.2021,ECBE5F33E616,TR/055
08.09.2021,ECBE5F065366,TR/034
08.09.2021,ECBE5F1D1C34,TR/034
08.09.2021,ECBE5F33F5B7,TR/048
08.09.2021,ECBE5F321738,TR/045
09.09.2021,ECBE5F32CD7A,TR/047
09.09.2021,CCD3C173AB6B,TR/027
09.09.2021,ECBE5F33783D,TR/059
09.09.2021,CCD3C1D9F167,TR/034
09.09.2021,ECBE5F1BD078,TR/034
09.09.2021,ECBE5F1A0EFE,TR/030
09.09.2021,ECBE5F1D5EB7,TR/034
09.09.2021,ECBE5F17F307,TR/007
09.09.2021,CCD3C1BA85F2,TR/009
09.09.2021,ECBE5F1A1106,TR/006
10.09.2021,ECBE5F1B0447,TR/080
10.09.2021,CCD3C19EA91E,TR/035
10.09.2021,ECBE5F0830B8,TR/063
10.09.2021,CCD3C1DE6F12,TR/006
10.09.2021,ECBE5F32E518,TR/009
10.09.2021,ECBE5F1CAE5A,TR/077
10.09.2021,ECBE5F33F6BB,TR/016
10.09.2021,ECBE5F33DC3B,TR/035
10.09.2021,ECBE5F33D3E6,TR/042
10.09.2021,ECBE5F18DC0A,TR/014
11.09.2021,ECBE5F33ECBF,TR/034
11.09.2021,ECBE5F33DFD3,TR/006
11.09.2021,ECBE5F047473,TR/006
11.09.2021,CCD3C1BAA3AE,TR/046
11.09.2021,ECBE5F33FB96,TR/048
11.09.2021,ECBE5F313887,TR/041
11.09.2021,CCD3C1FE1976,TR/007
11.09.2021,ECBE5F33FF16,TR/034
11.09.2021,ECBE5F33FFD3,TR/045
11.09.2021,ECBE5F33D2C3,TR/011
12.09.2021,ECBE5F05C4A3,TR/034
12.09.2021,ECBE5F1D08AC,TR/016
12.09.2021,ECBE5F079E27,TR/007
13.09.2021,ECBE5F03E50D,TR/044
13.09.2021,ECBE5F1A0A36,TR/045
13.09.2021,ECBE5F33F629,TR/007
13.09.2021,ECBE5F310093,TR/065
14.09.2021,CCD3C1DF35FE,TR/042
14.09.2021,CCD3C1FE4AD3,TR/034
14.09.2021,ECBE5F19A7C1,TR/068
14.09.2021,ECBE5F1BDB54,TR/006
14.09.2021,CCD3C176A374,TR/034
14.09.2021,ECBE5F33F82F,TR/034
14.09.2021,CCD3C1FE162E,TR/034
14.09.2021,ECBE5F33F650,TR/020
14.09.2021,ECBE5F33F335,TR/034
14.09.2021,ECBE5F07CAB5,TR/026
14.09.2021,ECBE5F13A85E,TR/034
15.09.2021,ECBE5F13A8E1,TR/034
15.09.2021,ECBE5F33E970,TR/035
15.09.2021,ECBE5F33E9BD,TR/006
15.09.2021,ECBE5F33E8B4,TR/034
16.09.2021,CCD3C16B0B70,TR/017
16.09.2021,ECBE5F13425E,TR/034
16.09.2021,ECBE5F33D379,TR/021
16.09.2021,ECBE5F18E845,TR/034
16.09.2021,CCD3C1A82C46,TR/031
16.09.2021,ECBE5F1C8522,TR/042
16.09.2021,ECBE5F33DF9F,TR/006
16.09.2021,ECBE5F1B0CE9,TR/006
16.09.2021,ECBE5F33DA53,TR/034
16.09.2021,CCD3C1DB3EB7,TR/041
17.09.2021,ECBE5F33FE5F,TR/034
17.09.2021,ECBE5F33FEBB,TR/035
17.09.2021,ECBE5F33FDA1,TR/034
17.09.2021,ECBE5F13A8AB,TR/061
17.09.2021,ECBE5F1BCF7F,TR/048
17.09.2021,CCD3C1FE18A9,TR/061
17.09.2021,ECBE5F1D43D1,TR/006
18.09.2021,ECBE5F33ECEA,TR/035
18.09.2021,ECBE5F33DA3A,TR/027
18.09.2021,CCD3C1BCAC24,TR/034
18.09.2021,ECBE5F047AE3,TR/035
18.09.2021,ECBE5F1D093B,TR/061
19.09.2021,ECBE5F33F934,TR/034
19.09.2021,ECBE5F1A3389,TR/006
19.09.2021,ECBE5F33F1EA,TR/016
20.09.2021,ECBE5F33D443,TR/038
20.09.2021,ECBE5F33F654,TR/034
20.09.2021,ECBE5F3A5B52,TR/034
20.09.2021,CCD3C1BBCBE2,TR/006
20.09.2021,ECBE5F33F945,TR/007
20.09.2021,ECBE5F33F5FF,TR/045
20.09.2021,ECBE5F33E985,TR/006
20.09.2021,ECBE5F3357BF,TR/080
21.09.2021,ECBE5F33EEE5,TR/034
21.09.2021,ECBE5F06BD04,TR/041
21.09.2021,ECBE5F33F5E9,TR/007
21.09.2021,ECBE5F33EE2E,TR/035
21.09.2021,ECBE5F33DCBD,TR/034
22.09.2021,ECBE5F33F6EC,TR/006
22.09.2021,ECBE5F06EFB6,TR/026
22.09.2021,CCD3C1FE4D46,TR/001
22.09.2021,CCD3C1DD7ABF,TR/009
22.09.2021,CCD3C1DE68AE,TR/031
22.09.2021,ECBE5F06314F,TR/034
22.09.2021,ECBE5F32CA33,TR/007
22.09.2021,ECBE5F327B65,TR/034
23.09.2021,ECBE5F13A6BC,TR/034
23.09.2021,ECBE5F33FA1B,TR/034
23.09.2021,ECBE5F33E66D,TR/048
23.09.2021,CCD3C196BBA2,TR/055
24.09.2021,ECBE5F321B63,TR/034
24.09.2021,CCD3C13337E9,TR/059
24.09.2021,ECBE5F33E57D,TR/021
24.09.2021,ECBE5F1C9100,TR/027
24.09.2021,ECBE5F07C839,TR/006
24.09.2021,CCD3C19CC9C4,TR/003
24.09.2021,ECBE5F327EF9,TR/006
24.09.2021,ECBE5F18DFCB,TR/001
24.09.2021,ECBE5F31FE15,TR/047
24.09.2021,ECBE5F1D2D7D,TR/034
25.09.2021,ECBE5F1A4153,TR/023
25.09.2021,ECBE5F1B0DF7,TR/041
25.09.2021,ECBE5F33F892,TR/034
26.09.2021,ECBE5F327FBC,TR/006
26.09.2021,ECBE5F33FC02,TR/006
26.09.2021,ECBE5F04F213,TR/034
26.09.2021,ECBE5F33F856,TR/016
27.09.2021,ECBE5F31FEF3,TR/046
27.09.2021,CCD3C1DCE200,TR/020
27.09.2021,ECBE5F312101,TR/007
28.09.2021,CCD3C1DF018E,TR/002
28.09.2021,ECBE5F19C9E6,TR/034
28.09.2021,ECBE5F33F998,TR/067
28.09.2021,ECBE5F336FC8,TR/034
29.09.2021,ECBE5F1D1414,TR/006
29.09.2021,ECBE5F1CB13E,TR/047
29.09.2021,ECBE5F13A6F7,TR/035
29.09.2021,ECBE5F327B24,TR/035
29.09.2021,ECBE5F321C67,TR/045
29.09.2021,ECBE5F056F7C,TR/001
29.09.2021,ECBE5F33F803,TR/038
29.09.2021,ECBE5F33F7C5,TR/027
29.09.2021,CCD3C1DE0846,TR/036
29.09.2021,CCD3C1DA0709,TR/039
30.09.2021,CCD3C1DF0230,TR/035
30.09.2021,ECBE5F1D34EF,TR/016
30.09.2021,CCD3C1798833,TR/016
30.09.2021,ECBE5F33F9B1,TR/063
30.09.2021,CCD3C1D9F65E,TR/038
30.09.2021,ECBE5F02F431,TR/034
30.09.2021,ECBE5F33EC9F,TR/034
01.10.2021,ECBE5F32E359,TR/041
01.10.2021,ECBE5F33D502,TR/044
01.10.2021,CCD3C16A2AE8,TR/034
01.10.2021,CCD3C16AD62A,TR/016
02.10.2021,ECBE5F33DE1F,TR/010
02.10.2021,CCD3C1DB1721,TR/042
02.10.2021,ECBE5F33DE29,TR/034
02.10.2021,CCD3C178C2B9,TR/052
03.10.2021,ECBE5F33F32A,TR/034
04.10.2021,ECBE5F32F3C8,TR/006
04.10.2021,ECBE5F33D26E,TR/031
04.10.2021,ECBE5F33F216,TR/035
04.10.2021,ECBE5F310451,TR/027
04.10.2021,CCD3C168F25E,TR/054
04.10.2021,ECBE5F33EEEF,TR/035
04.10.2021,CCD3C1A868F2,TR/036
04.10.2021,CCD3C1346B58,TR/041
04.10.2021,ECBE5F0639BF,TR/034
05.10.2021,ECBE5F1ABBA4,TR/010
05.10.2021,ECBE5F33E91C,TR/041
05.10.2021,ECBE5F1D130E,TR/034
05.10.2021,ECBE5F328029,TR/006
05.10.2021,ECBE5F33FE9C,TR/034
05.10.2021,ECBE5F33F446,TR/035
05.10.2021,ECBE5F1BCABE,TR/051
05.10.2021,ECBE5F33F89D,TR/081
05.10.2021,ECBE5F054AC2,TR/030
05.10.2021,ECBE5F075683,TR/026
05.10.2021,ECBE5F1D12CC,TR/042
06.10.2021,ECBE5F33D378,TR/041
06.10.2021,ECBE5F320190,TR/034
06.10.2021,CCD3C17734D8,TR/006
06.10.2021,ECBE5F1D3199,TR/034
06.10.2021,ECBE5F12A7C2,TR/048
07.10.2021,CCD3C1DC89C6,TR/051
07.10.2021,ECBE5F3A5160,TR/020
07.10.2021,ECBE5F33DCDF,TR/063
07.10.2021,ECBE5F327E6A,TR/009
07.10.2021,ECBE5F19B024,TR/045
07.10.2021,CCD3C177B38C,TR/034
07.10.2021,CCD3C1DEDA13,TR/034
08.10.2021,ECBE5F33D2B4,TR/058
08.10.2021,ECBE5F33E8DA,TR/034
08.10.2021,ECBE5F33FC1E,TR/044
08.10.2021,ECBE5F33FE04,TR/034
09.10.2021,CCD3C1BA85E7,TR/059
09.10.2021,CCD3C1682B23,TR/035
09.10.2021,ECBE5F33E9CC,TR/016
09.10.2021,ECBE5F1A44E6,TR/034
09.10.2021,ECBE5F33DD21,TR/001
09.10.2021,ECBE5F33F1AD,TR/034
11.10.2021,CCD3C1BA9F50,TR/006
11.10.2021,ECBE5F1B08F8,TR/016
11.10.2021,CCD3C1DA05DD,TR/034
11.10.2021,CCD3C1DB40EC,TR/034
12.10.2021,ECBE5F19CCB7,TR/044
12.10.2021,ECBE5F33F4B3,TR/034
12.10.2021,ECBE5F33DCE3,TR/034
12.10.2021,ECBE5F33EC9E,TR/035
12.10.2021,ECBE5F03BC4B,TR/016
12.10.2021,CCD3C1DF5AD0,TR/027
12.10.2021,ECBE5F33F1B1,TR/038
13.10.2021,CCD3C1D9B733,TR/009
13.10.2021,ECBE5F12BE00,TR/009
13.10.2021,ECBE5F33F8F7,TR/072
13.10.2021,ECBE5F3A5FCD,TR/037
13.10.2021,ECBE5F33EC89,TR/034
13.10.2021,ECBE5F394DCD,TR/035
14.10.2021,ECBE5F34D5D8,TR/034
14.10.2021,ECBE5F33F5A5,TR/009
14.10.2021,ECBE5F1D584D,TR/045
14.10.2021,ECBE5F33EE1E,TR/045
15.10.2021,ECBE5F33EF92,TR/034
15.10.2021,ECBE5F19AF8E,TR/012
15.10.2021,CCD3C1DA8927,TR/064
15.10.2021,ECBE5F3A5884,TR/034
15.10.2021,ECBE5F3A58E5,TR/039
16.10.2021,ECBE5F1D3FC7,TR/006
16.10.2021,CCD3C1333644,TR/010
16.10.2021,ECBE5F33DF98,TR/007
16.10.2021,ECBE5F32F369,TR/009
17.10.2021,ECBE5F33EFB5,TR/006
18.10.2021,CCD3C1739C24,TR/031
18.10.2021,ECBE5F313B91,TR/048
18.10.2021,CCD3C1D92EE0,TR/041
19.10.2021,ECBE5F1341B7,TR/034
19.10.2021,ECBE5F3A546B,TR/035
19.10.2021,ECBE5F1D13C0,TR/006
19.10.2021,ECBE5F33F544,TR/034
19.10.2021,ECBE5F50B043,TR/006
19.10.2021,CCD3C1DAC95E,TR/006
19.10.2021,ECBE5F199B47,TR/034
19.10.2021,ECBE5F19B2BE,TR/006
20.10.2021,ECBE5F321EA0,TR/034
20.10.2021,ECBE5F327BC7,TR/034
20.10.2021,ECBE5F33DDFD,TR/035
20.10.2021,ECBE5F509E99,TR/045
20.10.2021,ECBE5F33FB7F,TR/016
20.10.2021,ECBE5F1D5484,TR/044
20.10.2021,CCD3C1DB7FBA,TR/020
20.10.2021,CCD3C1D953F3,TR/031
21.10.2021,ECBE5F33FFC0,TR/033
21.10.2021,ECBE5F081AB2,TR/041
21.10.2021,ECBE5F32E81F,TR/021
21.10.2021,ECBE5F143933,TR/035
21.10.2021,ECBE5F3A52A1,TR/038
21.10.2021,ECBE5F33FFBA,TR/035
21.10.2021,ECBE5F3363F8,TR/034
21.10.2021,ECBE5F321E16,TR/034
22.10.2021,ECBE5F139F26,TR/050
22.10.2021,ECBE5F33EA3E,TR/034
22.10.2021,ECBE5F0465EB,TR/007
22.10.2021,ECBE5F1A3F0B,TR/054
22.10.2021,ECBE5F33DB19,TR/041
23.10.2021,ECBE5F33EAB4,TR/034
23.10.2021,ECBE5F33FC18,TR/053
23.10.2021,ECBE5F33E6DB,TR/046
23.10.2021,ECBE5F33756C,TR/081
24.10.2021,ECBE5F33EA50,TR/034
24.10.2021,ECBE5F33FF2E,TR/034
24.10.2021,ECBE5F1C9FBB,TR/068
24.10.2021,ECBE5F513E45,TR/034
25.10.2021,CCD3C1D92B4B,TR/063
25.10.2021,ECBE5F33DE40,TR/034
25.10.2021,ECBE5F509C7C,TR/035
25.10.2021,ECBE5F1A442E,TR/034
25.10.2021,CCD3C1DD507C,TR/033
25.10.2021,ECBE5F33FF2B,TR/034
25.10.2021,ECBE5F07CBC2,TR/007
26.10.2021,CCD3C177D2F4,TR/034
26.10.2021,ECBE5F33F7B6,TR/035
26.10.2021,ECBE5F19CBBD,TR/023
26.10.2021,ECBE5F38F064,TR/041
26.10.2021,ECBE5F3A5723,TR/034
26.10.2021,ECBE5F311FF3,TR/007
26.10.2021,ECBE5F3168E9,TR/046
27.10.2021,ECBE5F12A487,TR/034
27.10.2021,ECBE5F33F280,TR/035
27.10.2021,ECBE5F509AF7,TR/035
27.10.2021,ECBE5F4EABC5,TR/016
27.10.2021,ECBE5F4FD12F,TR/003
27.10.2021,ECBE5F33DCD6,TR/034
27.10.2021,ECBE5F33DB4A,TR/034
28.10.2021,ECBE5F395342,TR/007
28.10.2021,ECBE5F31371F,TR/035
28.10.2021,ECBE5F3A561D,TR/016
28.10.2021,ECBE5F33F2B5,TR/034
28.10.2021,CCD3C196CCF9,TR/035
28.10.2021,ECBE5F3A5AEB,TR/035
29.10.2021,ECBE5F4E7FCA,TR/044
29.10.2021,ECBE5F327D40,TR/025
29.10.2021,ECBE5F32E534,TR/041
29.10.2021,ECBE5F33EBD3,TR/034
29.10.2021,CCD3C1FE4269,TR/034
30.10.2021,ECBE5F4FFBC3,TR/041
30.10.2021,CCD3C1A8000D,TR/027
30.10.2021,ECBE5F134266,TR/006
30.10.2021,ECBE5F3A53FC,TR/006
30.10.2021,ECBE5F31FAA2,TR/009
30.10.2021,ECBE5F33DF93,TR/014
30.10.2021,CCD3C1DB166E,TR/006
30.10.2021,ECBE5F1ABD10,TR/001
30.10.2021,ECBE5F33DF20,TR/034
30.10.2021,CCD3C167C3F4,TR/081
01.11.2021,CCD3C1DBC4E2,TR/006
01.11.2021,ECBE5F1BDDEF,TR/027
01.11.2021,ECBE5F33ED62,TR/061
01.11.2021,ECBE5F394EA9,TR/034
01.11.2021,ECBE5F4F5169,TR/045
01.11.2021,ECBE5F34D727,TR/034
01.11.2021,ECBE5F509B3A,TR/035
01.11.2021,ECBE5F33FBC3,TR/027
01.11.2021,CCD3C16808F9,TR/007
01.11.2021,ECBE5F4FD6A5,TR/034
01.11.2021,ECBE5F321E3A,TR/057
01.11.2021,ECBE5F33F1B0,TR/035
01.11.2021,CCD3C1DD1514,TR/054
01.11.2021,ECBE5F33FCA7,TR/028
01.11.2021,ECBE5F3A5E83,TR/035
02.11.2021,ECBE5F3273C7,TR/023
02.11.2021,ECBE5F33E6B1,TR/078
02.11.2021,ECBE5F19B6EC,TR/023
02.11.2021,ECBE5F1D0675,TR/041
03.11.2021,ECBE5F336530,TR/007
03.11.2021,ECBE5F1D02C5,TR/035
04.11.2021,ECBE5F32C19F,TR/031
05.11.2021,ECBE5F33E900,TR/043
05.11.2021,ECBE5F33E6C9,TR/001
05.11.2021,ECBE5F50A74A,TR/007
06.11.2021,ECBE5F33F573,TR/055
06.11.2021,ECBE5F4F1511,TR/010
06.11.2021,CCD3C1DF5587,TR/048
06.11.2021,ECBE5F19CBF2,TR/044
06.11.2021,ECBE5F39375E,TR/033
06.11.2021,ECBE5F33FDCB,TR/006
06.11.2021,ECBE5F33DEEE,TR/033
06.11.2021,ECBE5F19C9E1,TR/058
06.11.2021,ECBE5F32DA50,TR/027
06.11.2021,CCD3C1967A32,TR/034
07.11.2021,CCD3C1D9BD5A,TR/042
07.11.2021,ECBE5F513B83,TR/045
07.11.2021,ECBE5F33F408,TR/025
08.11.2021,ECBE5F33EDCF,TR/006
08.11.2021,ECBE5F3A5C55,TR/067
08.11.2021,ECBE5F06A535,TR/035
08.11.2021,ECBE5F33F97F,TR/007
08.11.2021,ECBE5F393A3D,TR/016
08.11.2021,CCD3C17886F4,TR/039
08.11.2021,CCD3C1D93539,TR/048
08.11.2021,ECBE5F38FB09,TR/009
08.11.2021,ECBE5F3953A2,TR/016
08.11.2021,ECBE5F3868FA,TR/021
09.11.2021,ECBE5F3A5428,TR/006
09.11.2021,ECBE5F4E9CF5,TR/035
09.11.2021,ECBE5F1C42F1,TR/020
10.11.2021,ECBE5F07F6D5,TR/035
10.11.2021,ECBE5F1BDB54,TR/006
10.11.2021,ECBE5F32E1F9,TR/034
10.11.2021,ECBE5F19CB3A,TR/032
11.11.2021,ECBE5F3A6074,TR/035
11.11.2021,ECBE5F33F482,TR/030
11.11.2021,CCD3C19EFD83,TR/079
12.11.2021,ECBE5F311C40,TR/023
12.11.2021,ECBE5F33DDA5,TR/035
12.11.2021,ECBE5F513C22,TR/006
12.11.2021,ECBE5F12E58A,TR/046
12.11.2021,ECBE5F1BD9B3,TR/034
13.11.2021,ECBE5F390483,TR/034
13.11.2021,ECBE5F33DB6D,TR/034
13.11.2021,ECBE5F33DCF5,TR/031
13.11.2021,ECBE5F3A5639,TR/054
13.11.2021,ECBE5F1C4FA6,TR/034
13.11.2021,ECBE5F1BD296,TR/001
14.11.2021,ECBE5F4E85F9,TR/034
15.11.2021,ECBE5F33EB09,TR/044
15.11.2021,ECBE5F5082D4,TR/059
15.11.2021,ECBE5F33E99F,TR/041
15.11.2021,ECBE5F38F274,TR/006
15.11.2021,ECBE5F062370,TR/071
15.11.2021,ECBE5F3A56F3,TR/059
15.11.2021,ECBE5F33F93A,TR/064
15.11.2021,ECBE5F50995A,TR/045
15.11.2021,ECBE5F4E96FA,TR/059
15.11.2021,ECBE5F1BDF90,TR/054
15.11.2021,ECBE5F3A5407,TR/042
15.11.2021,ECBE5F509C51,TR/041
15.11.2021,ECBE5F1BD766,TR/034
16.11.2021,ECBE5F33F5F3,TR/007
16.11.2021,ECBE5F4FD766,TR/031
16.11.2021,ECBE5F445B84,TR/034
16.11.2021,ECBE5F33DC6A,TR/026
16.11.2021,ECBE5F513FE9,TR/052
16.11.2021,ECBE5F395878,TR/034
16.11.2021,ECBE5F33F9E9,TR/023
17.11.2021,ECBE5F33DC9E,TR/031
17.11.2021,ECBE5F44593E,TR/034
17.11.2021,ECBE5F3220C9,TR/034
17.11.2021,CCD3C1D92C62,TR/017
17.11.2021,ECBE5F5060C0,TR/048
17.11.2021,ECBE5F33E8A7,TR/034
17.11.2021,ECBE5F33F91D,TR/034
17.11.2021,ECBE5F38FC94,TR/035
18.11.2021,ECBE5F312A45,TR/053
18.11.2021,ECBE5F33F272,TR/035
18.11.2021,ECBE5F1D4CE9,TR/064
18.11.2021,ECBE5F38FDB9,TR/016
18.11.2021,ECBE5F3217D4,TR/035
19.11.2021,ECBE5F337ABB,TR/016
19.11.2021,ECBE5F4FC2F1,TR/035
19.11.2021,ECBE5F3953E6,TR/006
19.11.2021,ECBE5F33E61A,TR/032
19.11.2021,ECBE5F4FC14D,TR/007
19.11.2021,ECBE5F3949F1,TR/045
19.11.2021,ECBE5F31F6A2,TR/048
20.11.2021,ECBE5F33D986,TR/053
20.11.2021,ECBE5F3A5508,TR/075
20.11.2021,ECBE5F4E9EC5,TR/035
20.11.2021,ECBE5F3A55E9,TR/031
20.11.2021,CCD3C1DB3F5D,TR/034
21.11.2021,ECBE5F0473BF,TR/034
21.11.2021,ECBE5F33EAF8,TR/006
21.11.2021,ECBE5F513006,TR/006
21.11.2021,CCD3C1BBF9D3,TR/034
22.11.2021,CCD3C1FE1708,TR/050
22.11.2021,ECBE5F0636A2,TR/042
22.11.2021,CCD3C1BC0C12,TR/006
22.11.2021,ECBE5F33E4BE,TR/041
22.11.2021,ECBE5F50A601,TR/060
22.11.2021,ECBE5F33FD75,TR/044
22.11.2021,ECBE5F3A5B6E,TR/021
23.11.2021,ECBE5F50FE59,TR/035
23.11.2021,ECBE5F3A5143,TR/053
23.11.2021,ECBE5F39596F,TR/034
23.11.2021,ECBE5F395C4A,TR/035
23.11.2021,ECBE5F1A5C03,TR/035
23.11.2021,ECBE5F067421,TR/033
23.11.2021,ECBE5F51221C,TR/001
23.11.2021,ECBE5F6B6900,TR/035
23.11.2021,ECBE5F3A5531,TR/001
23.11.2021,ECBE5F1A625A,TR/035
23.11.2021,ECBE5F19CC06,TR/038
23.11.2021,ECBE5F3A58D4,TR/041
23.11.2021,ECBE5F33FF08,TR/059
23.11.2021,ECBE5F312466,TR/034
24.11.2021,CCD3C1785CF3,TR/047
24.11.2021,CCD3C1D929A5,TR/016
24.11.2021,ECBE5F509F30,TR/006
24.11.2021,ECBE5F38FA6F,TR/073
24.11.2021,ECBE5F0350F7,TR/034
24.11.2021,ECBE5F33E8B3,TR/021
24.11.2021,CCD3C1FED2AE,TR/018
24.11.2021,ECBE5F1B0326,TR/033
24.11.2021,ECBE5F3A5151,TR/034
25.11.2021,ECBE5F33EDD7,TR/034
25.11.2021,ECBE5F06E9F0,TR/035
25.11.2021,ECBE5F05497F,TR/034
25.11.2021,ECBE5F393341,TR/041
25.11.2021,ECBE5F36F9A5,TR/017
25.11.2021,CCD3C1D9703E,TR/041
25.11.2021,ECBE5F4EEF48,TR/007
26.11.2021,ECBE5F4ED0EB,TR/007
26.11.2021,ECBE5F395D59,TR/006
26.11.2021,CCD3C1FEDBBB,TR/002
26.11.2021,ECBE5F3A51E4,TR/014
26.11.2021,ECBE5F3A53F0,TR/006
26.11.2021,ECBE5F33E8E5,TR/054
26.11.2021,ECBE5F1AF6D3,TR/061
26.11.2021,ECBE5F3166A4,TR/074
26.11.2021,ECBE5F393C9F,TR/046
27.11.2021,ECBE5F4443AE,TR/031
27.11.2021,ECBE5F38FE58,TR/007
27.11.2021,ECBE5F4EF18D,TR/049
27.11.2021,ECBE5F50495C,TR/006
27.11.2021,ECBE5F3A59DE,TR/035
28.11.2021,ECBE5F392F97,TR/034
28.11.2021,ECBE5F321BA1,TR/041
29.11.2021,ECBE5F3A56B1,TR/034
29.11.2021,ECBE5F33FCDD,TR/006
29.11.2021,ECBE5F318019,TR/006
29.11.2021,ECBE5F395C2B,TR/035
29.11.2021,ECBE5F327A66,TR/057
29.11.2021,ECBE5F13A798,TR/034
29.11.2021,ECBE5F07CA04,TR/061
29.11.2021,ECBE5F50BA92,TR/006
30.11.2021,ECBE5F33DDD7,TR/059
30.11.2021,CCD3C1DBCF5D,TR/009
30.11.2021,ECBE5F1C43CB,TR/068
30.11.2021,ECBE5F50668F,TR/042
01.12.2021,ECBE5F3127ED,TR/006
01.12.2021,ECBE5F395221,TR/006
01.12.2021,ECBE5F1C44C4,TR/054
01.12.2021,ECBE5F1D3148,TR/034
01.12.2021,ECBE5F4F26C3,TR/046
01.12.2021,ECBE5F38F1CB,TR/034
01.12.2021,ECBE5F50BBE7,TR/006
01.12.2021,ECBE5F318019,TR/055
01.12.2021,ECBE5F3A5AD9,TR/034
02.12.2021,ECBE5F33EA4C,TR/042
02.12.2021,ECBE5F19CB9B,TR/033
02.12.2021,ECBE5F33ED77,TR/016
02.12.2021,ECBE5F509D99,TR/034
02.12.2021,ECBE5F33E8F3,TR/026
03.12.2021,ECBE5F3A57CE,TR/009
03.12.2021,ECBE5F4FCBE8,TR/034
03.12.2021,ECBE5F395DE5,TR/009
03.12.2021,ECBE5F52BCF2,TR/034
03.12.2021,ECBE5F4EBAB2,TR/035
03.12.2021,CCD3C1BBE622,TR/081
03.12.2021,ECBE5F181378,TR/050
03.12.2021,ECBE5F33F286,TR/034
03.12.2021,ECBE5F13A833,TR/035
04.12.2021,ECBE5F5091C4,TR/005
04.12.2021,CCD3C1BC0CAD,TR/052
04.12.2021,ECBE5F4EFB47,TR/055
04.12.2021,ECBE5F4E8014,TR/034
04.12.2021,ECBE5F33F3C7,TR/054
04.12.2021,ECBE5F392E20,TR/006
05.12.2021,ECBE5F394C4F,TR/068
05.12.2021,ECBE5F4EB349,TR/006
06.12.2021,ECBE5F3A5B11,TR/038
06.12.2021,ECBE5F4EDC7B,TR/044
06.12.2021,ECBE5F50FEBE,TR/027
06.12.2021,ECBE5F3A556F,TR/041
06.12.2021,ECBE5F0312B9,TR/080
06.12.2021,ECBE5F505FF9,TR/006
06.12.2021,CCD3C1BC2968,TR/059
06.12.2021,ECBE5F395DA4,TR/041
07.12.2021,ECBE5F39055B,TR/035
07.12.2021,ECBE5F082E10,TR/054
07.12.2021,ECBE5F086100,TR/034
07.12.2021,CCD3C1DC047D,TR/041
07.12.2021,ECBE5F4ED066,TR/034
07.12.2021,ECBE5F3220A3,TR/023
07.12.2021,ECBE5F33EB3C,TR/045
08.12.2021,CCD3C1DD820B,TR/047
08.12.2021,ECBE5F1AC2BF,TR/028
08.12.2021,CCD3C168B23D,TR/055
08.12.2021,ECBE5F4EC624,TR/019
08.12.2021,ECBE5F310230,TR/021
09.12.2021,ECBE5F17F65D,TR/035
09.12.2021,ECBE5F50FDB3,TR/006
09.12.2021,ECBE5F3920B7,TR/043
09.12.2021,ECBE5F30FFE2,TR/020
09.12.2021,ECBE5F33DB84,TR/007
09.12.2021,ECBE5F1A59D2,TR/015
09.12.2021,ECBE5F3124FF,TR/070
09.12.2021,ECBE5F4E9884,TR/028
09.12.2021,ECBE5F33FC14,TR/006
10.12.2021,CCD3C1DBF10F,TR/041
10.12.2021,ECBE5F33F443,TR/014
10.12.2021,ECBE5F1437C8,TR/034
10.12.2021,ECBE5F33F013,TR/035
10.12.2021,ECBE5F31038F,TR/035
10.12.2021,ECBE5F4EB73F,TR/034
11.12.2021,CCD3C1BC782C,TR/034
11.12.2021,ECBE5F07D4AF,TR/034
11.12.2021,ECBE5F33FC9F,TR/034
12.12.2021,ECBE5F3A57B3,TR/034
12.12.2021,ECBE5F3A5A8C,TR/038
13.12.2021,ECBE5F3A554D,TR/067
13.12.2021,ECBE5F3A554D,TR/067
13.12.2021,ECBE5F33D400,TR/046
13.12.2021,ECBE5F50B042,TR/006
14.12.2021,ECBE5F3A58F3,TR/007
14.12.2021,ECBE5F393034,TR/024
14.12.2021,ECBE5F33F57D,TR/034
14.12.2021,ECBE5F33FCA3,TR/035
14.12.2021,ECBE5F06B02C,TR/033
14.12.2021,ECBE5F33F119,TR/007
14.12.2021,ECBE5F509B6D,TR/027
14.12.2021,ECBE5F1BD80F,TR/034
14.12.2021,ECBE5F33F2C7,TR/041
15.12.2021,ECBE5F51042B,TR/034
15.12.2021,ECBE5F18BC77,TR/059
15.12.2021,ECBE5F33FF33,TR/059
15.12.2021,ECBE5F4ED367,TR/034
15.12.2021,ECBE5F1A0C42,TR/061
15.12.2021,ECBE5F4FFCF7,TR/034
16.12.2021,ECBE5F33FCEE,TR/034
16.12.2021,ECBE5F445228,TR/006
16.12.2021,ECBE5F509D7D,TR/034
16.12.2021,ECBE5F4452FB,TR/006
16.12.2021,ECBE5F513FB3,TR/054
16.12.2021,ECBE5F33F038,TR/034
16.12.2021,ECBE5F513156,TR/016
16.12.2021,ECBE5F06DF38,TR/055
16.12.2021,ECBE5F30FDBD,TR/022
16.12.2021,ECBE5F13A4C3,TR/038
17.12.2021,ECBE5F048481,TR/021
17.12.2021,ECBE5F33EE59,TR/035
17.12.2021,CCD3C196E77D,TR/027
17.12.2021,ECBE5F39277D,TR/071
17.12.2021,ECBE5F4EB248,TR/006
17.12.2021,CCD3C1962C5C,TR/006
17.12.2021,ECBE5F33D4CC,TR/006
18.12.2021,ECBE5F33F20A,TR/003
18.12.2021,ECBE5F1B0A78,TR/059
18.12.2021,ECBE5F505A4C,TR/041
18.12.2021,ECBE5F06EA7F,TR/034
18.12.2021,ECBE5F444F28,TR/006
19.12.2021,ECBE5F1D5B7A,TR/026
19.12.2021,ECBE5F33EA02,TR/034
20.12.2021,ECBE5F4EBE91,TR/050
20.12.2021,ECBE5F33DC87,TR/051
20.12.2021,ECBE5F33EACD,TR/034
20.12.2021,ECBE5F3A58B4,TR/045
20.12.2021,ECBE5F33F1B3,TR/034
20.12.2021,ECBE5F33D429,TR/030
21.12.2021,ECBE5F07B98C,TR/031
21.12.2021,ECBE5F395B92,TR/055
21.12.2021,CCD3C167C35A,TR/048
21.12.2021,ECBE5F4FF39F,TR/006
21.12.2021,ECBE5F19CADB,TR/052
22.12.2021,ECBE5F3920DD,TR/072
22.12.2021,CCD3C1AB7A12,TR/003
22.12.2021,ECBE5F33F7A9,TR/034
22.12.2021,ECBE5F3A5274,TR/053
23.12.2021,ECBE5F32D9C7,TR/007
23.12.2021,ECBE5F5102AC,TR/080
23.12.2021,CCD3C1DC89E8,TR/031
23.12.2021,ECBE5F38F00B,TR/034
23.12.2021,ECBE5F4FFFB7,TR/016
23.12.2021,ECBE5F33E625,TR/016
23.12.2021,ECBE5F19CCB8,TR/003
23.12.2021,CCD3C16A8893,TR/007
23.12.2021,ECBE5F51028C,TR/041
23.12.2021,ECBE5F3A58C8,TR/006
24.12.2021,ECBE5F33EBBA,TR/032
24.12.2021,ECBE5F33EE88,TR/017
25.12.2021,ECBE5F1D140D,TR/062
25.12.2021,ECBE5F33DDFA,TR/035
25.12.2021,ECBE5F504377,TR/035
25.12.2021,ECBE5F33DAB5,TR/028
25.12.2021,ECBE5F33EC81,TR/034
26.12.2021,ECBE5F33F499,TR/041
27.12.2021,ECBE5F1D136F,TR/035
27.12.2021,ECBE5F1D748B,TR/034
27.12.2021,ECBE5F395549,TR/016
27.12.2021,ECBE5F3A58CD,TR/034
27.12.2021,ECBE5F386A00,TR/001
27.12.2021,ECBE5F33F135,TR/034
28.12.2021,ECBE5F1D75FD,TR/006
28.12.2021,ECBE5F33F1D0,TR/041
28.12.2021,ECBE5F33D974,TR/035
28.12.2021,ECBE5F3A57A7,TR/034
29.12.2021,ECBE5F394877,TR/080
29.12.2021,CCD3C1DDB1C5,TR/006
29.12.2021,ECBE5F06D64E,TR/034
29.12.2021,ECBE5F0825AA,TR/006
29.12.2021,ECBE5F327F8B,TR/034
30.12.2021,ECBE5F393B49,TR/008
30.12.2021,ECBE5F33F394,TR/034
30.12.2021,ECBE5F4FFBE0,TR/059
30.12.2021,ECBE5F69E757,TR/045
30.12.2021,ECBE5F4FD926,TR/006
31.12.2021,ECBE5F515A5C,TR/060
31.12.2021,ECBE5F69DF86,TR/035
31.12.2021,ECBE5F515889,TR/045
02.01.2022,CCD3C1FD85D3,TR/035
02.01.2022,CCD3C1DAA27D,TR/042
02.01.2022,ECBE5F33F7C2,TR/034
03.01.2022,ECBE5F395BA4,TR/007
03.01.2022,ECBE5F503630,TR/034
03.01.2022,ECBE5F390173,TR/007
03.01.2022,ECBE5F33F772,TR/061
04.01.2022,CCD3C1DC593E,TR/031
04.01.2022,ECBE5F082FEC,TR/006
04.01.2022,ECBE5F519511,TR/034
04.01.2022,ECBE5F1A457C,TR/045
04.01.2022,ECBE5F1D7AB4,TR/035
04.01.2022,ECBE5F30FD8F,TR/042
05.01.2022,ECBE5F4FC987,TR/034
05.01.2022,ECBE5F1C98DD,TR/025
05.01.2022,ECBE5F1D3C35,TR/035
06.01.2022,ECBE5F4EFB2D,TR/026
06.01.2022,ECBE5F1C6A3A,TR/042
06.01.2022,CCD3C196CD66,TR/026
06.01.2022,CCD3C1DAC634,TR/034
06.01.2022,ECBE5F395400,TR/034
06.01.2022,ECBE5F33DE96,TR/045
06.01.2022,ECBE5F392C03,TR/031
07.01.2022,ECBE5F4F2868,TR/016
07.01.2022,ECBE5F516085,TR/026
07.01.2022,ECBE5F51B39D,TR/031
07.01.2022,ECBE5F4F3FC7,TR/035
07.01.2022,ECBE5F1D3C2E,TR/045
07.01.2022,ECBE5F69E6C7,TR/006
08.01.2022,ECBE5F1D7987,TR/035
08.01.2022,CCD3C1D9F98C,TR/034
08.01.2022,ECBE5F395878,TR/034
09.01.2022,ECBE5F5182BE,TR/016
10.01.2022,ECBE5F33DBCC,TR/007
10.01.2022,CCD3C1963175,TR/070
10.01.2022,ECBE5F4FB8A6,TR/026
10.01.2022,ECBE5F33F0A3,TR/016
11.01.2022,CCD3C168846A,TR/006
11.01.2022,ECBE5F1D13B6,TR/035
11.01.2022,ECBE5F32F586,TR/052
11.01.2022,ECBE5F33FC6A,TR/020
12.01.2022,ECBE5F33F5A1,TR/038
12.01.2022,ECBE5F1CB093,TR/034
12.01.2022,ECBE5F3937CC,TR/006
12.01.2022,ECBE5F32C4D3,TR/041
12.01.2022,CCD3C16A795E,TR/063
13.01.2022,CCD3C1DA6B53,TR/056
13.01.2022,ECBE5F33FCBE,TR/048
13.01.2022,ECBE5F516F3A,TR/034
13.01.2022,ECBE5F13A467,TR/034
13.01.2022,ECBE5F3957F4,TR/034
13.01.2022,ECBE5F506A1E,TR/081
13.01.2022,ECBE5F38696D,TR/033
14.01.2022,CCD3C1B9FCFF,TR/034
14.01.2022,ECBE5F33EC39,TR/034
14.01.2022,ECBE5F505001,TR/006
14.01.2022,ECBE5F51068F,TR/034
14.01.2022,ECBE5F506030,TR/027
15.01.2022,ECBE5F335ADB,TR/081
15.01.2022,ECBE5F1D1318,TR/038
15.01.2022,ECBE5F39374A,TR/042
15.01.2022,ECBE5F17E801,TR/007
15.01.2022,CCD3C1DD1F0A,TR/034
15.01.2022,ECBE5F390DCF,TR/009
15.01.2022,ECBE5F1D12C0,TR/080
15.01.2022,ECBE5F1D4263,TR/016
15.01.2022,ECBE5F5194E8,TR/016
16.01.2022,ECBE5F0735EC,TR/006
16.01.2022,ECBE5F07F0D4,TR/006
16.01.2022,ECBE5F69E93B,TR/034
17.01.2022,CCD3C1DBA04B,TR/038
17.01.2022,CCD3C1333697,TR/006
17.01.2022,ECBE5F321BA5,TR/034
17.01.2022,ECBE5F4ECD45,TR/035
17.01.2022,ECBE5F38EC7C,TR/016
17.01.2022,ECBE5F6B12E0,TR/034
17.01.2022,ECBE5F336366,TR/021
17.01.2022,CCD3C1FEC17B,TR/007
17.01.2022,ECBE5F392F41,TR/006
17.01.2022,ECBE5F124626,TR/041
17.01.2022,ECBE5F33F122,TR/042
17.01.2022,ECBE5F394851,TR/006
18.01.2022,ECBE5F5121BC,TR/034
18.01.2022,ECBE5F50C86D,TR/011
18.01.2022,ECBE5F515B4F,TR/034
19.01.2022,ECBE5F06C933,TR/020
19.01.2022,ECBE5F429052,TR/007
19.01.2022,ECBE5F6B5508,TR/034
19.01.2022,ECBE5F19AAC5,TR/042
19.01.2022,ECBE5F4E9F0F,TR/034
19.01.2022,CCD3C1DBC465,TR/038
19.01.2022,CCD3C1777916,TR/026
19.01.2022,CCD3C168B6A5,TR/042
20.01.2022,ECBE5F3A6114,TR/067
20.01.2022,ECBE5F513DCC,TR/054
20.01.2022,ECBE5F19CC66,TR/034
20.01.2022,ECBE5F33F60C,TR/034
20.01.2022,CCD3C1DA53D6,TR/034
21.01.2022,ECBE5F13A1E1,TR/061
21.01.2022,ECBE5F50E850,TR/032
21.01.2022,ECBE5F03A7EF,TR/031
21.01.2022,ECBE5F6B5AE1,TR/016
22.01.2022,ECBE5F4FC378,TR/006
22.01.2022,ECBE5F393D66,TR/042
22.01.2022,ECBE5F3A527B,TR/041
22.01.2022,CCD3C1BCD336,TR/020
24.01.2022,ECBE5F6A81BF,TR/032
24.01.2022,CCD3C177815C,TR/053
24.01.2022,ECBE5F33F8C0,TR/034
24.01.2022,ECBE5F6B59E6,TR/033
24.01.2022,ECBE5F513771,TR/034
24.01.2022,ECBE5F3A611C,TR/041
24.01.2022,ECBE5F316DE0,TR/006
25.01.2022,ECBE5F69FB3E,TR/009
25.01.2022,ECBE5F4EF4CE,TR/080
25.01.2022,ECBE5F50DF26,TR/007
25.01.2022,ECBE5F0830EE,TR/054
25.01.2022,ECBE5F512DAB,TR/042
26.01.2022,ECBE5F6A3D6F,TR/035
26.01.2022,ECBE5F3959F9,TR/032
26.01.2022,ECBE5F18BBBE,TR/072
26.01.2022,ECBE5F6A488B,TR/007
26.01.2022,CCD3C1DAD93C,TR/011
26.01.2022,ECBE5F5061E4,TR/006
26.01.2022,ECBE5F516F56,TR/034
26.01.2022,ECBE5F19B570,TR/034
26.01.2022,ECBE5F6B2F3E,TR/016
26.01.2022,ECBE5F1D4E8C,TR/035
26.01.2022,ECBE5F763456,TR/045
26.01.2022,ECBE5F6A3204,TR/043
26.01.2022,ECBE5F76455A,TR/010
26.01.2022,ECBE5F514D3F,TR/048
27.01.2022,ECBE5F33F273,TR/034
27.01.2022,ECBE5F50D339,TR/042
28.01.2022,ECBE5F33E955,TR/059
28.01.2022,ECBE5F50DCD8,TR/016
28.01.2022,ECBE5F6A7CB3,TR/031
28.01.2022,ECBE5F6A7476,TR/035
28.01.2022,ECBE5F69DF41,TR/041
28.01.2022,ECBE5F6AEC68,TR/042
28.01.2022,ECBE5F33FFBB,TR/006
29.01.2022,ECBE5F6AB732,TR/035
29.01.2022,ECBE5F5023D3,TR/007
29.01.2022,ECBE5F39578D,TR/038
29.01.2022,ECBE5F33DC34,TR/009
30.01.2022,ECBE5F33DF53,TR/034
31.01.2022,CCD3C1FD9597,TR/080
31.01.2022,CCD3C1D9AC8F,TR/034
31.01.2022,ECBE5F33ED9D,TR/035
31.01.2022,ECBE5F4F151F,TR/010
31.01.2022,ECBE5F6AF983,TR/055
31.01.2022,ECBE5F33FBEE,TR/045
31.01.2022,ECBE5F3A617F,TR/034
31.01.2022,ECBE5F1D12E5,TR/035
31.01.2022,ECBE5F38F19B,TR/034
01.02.2022,ECBE5F4FFE79,TR/009
01.02.2022,ECBE5F51A2DC,TR/007
01.02.2022,ECBE5F764771,TR/045
01.02.2022,ECBE5F38FFCF,TR/034
01.02.2022,ECBE5F502C21,TR/016
01.02.2022,ECBE5F76BF4E,TR/006
02.02.2022,CCD3C1D9F1FB,TR/034
02.02.2022,ECBE5F5167EA,TR/035
02.02.2022,ECBE5F6A27CD,TR/061
02.02.2022,ECBE5F33FAC3,TR/063
02.02.2022,ECBE5F4EA31A,TR/035
02.02.2022,ECBE5F395829,TR/016
03.02.2022,ECBE5F503EEC,TR/034
03.02.2022,ECBE5F6A920E,TR/055
03.02.2022,CCD3C1FE12FC,TR/011
03.02.2022,ECBE5F33F10A,TR/025
03.02.2022,ECBE5F3A5715,TR/001
04.02.2022,ECBE5F3908C2,TR/034
04.02.2022,ECBE5F751326,TR/033
04.02.2022,ECBE5F1A4417,TR/007
04.02.2022,ECBE5F043B37,TR/034
04.02.2022,ECBE5F756074,TR/035
04.02.2022,ECBE5F390D1B,TR/034
05.02.2022,ECBE5F4EFC90,TR/053
05.02.2022,CCD3C1D9F1FB,TR/034
05.02.2022,ECBE5F0465F1,TR/034
06.02.2022,ECBE5F6A0758,TR/007
06.02.2022,ECBE5F0630AC,TR/006
06.02.2022,ECBE5F13A728,TR/034
06.02.2022,ECBE5F33EA57,TR/034
07.02.2022,ECBE5F32DAA4,TR/034
07.02.2022,ECBE5F51AEFB,TR/035
07.02.2022,ECBE5F33F196,TR/041
07.02.2022,CCD3C1AB77E6,TR/053
07.02.2022,ECBE5F3109FB,TR/021
07.02.2022,ECBE5F6A3907,TR/006
07.02.2022,ECBE5F198792,TR/006
08.02.2022,ECBE5F5017D2,TR/009
08.02.2022,ECBE5F6A313E,TR/037
08.02.2022,ECBE5F04E3D9,TR/034
08.02.2022,ECBE5F39138C,TR/007
09.02.2022,ECBE5F0346A2,TR/034
09.02.2022,ECBE5F50CAB5,TR/042
09.02.2022,ECBE5F51436D,TR/031
09.02.2022,ECBE5F1D0383,TR/034
09.02.2022,ECBE5F1A2F03,TR/038
09.02.2022,CCD3C1BAB0A3,TR/046
10.02.2022,CCD3C196162B,TR/053
10.02.2022,ECBE5F6A30CA,TR/035
10.02.2022,ECBE5F4FF64F,TR/078
10.02.2022,ECBE5F395E0E,TR/006
10.02.2022,ECBE5F32F7AD,TR/002
10.02.2022,ECBE5F6AD090,TR/034
10.02.2022,ECBE5F50CAFD,TR/006
10.02.2022,ECBE5F321C7F,TR/034
11.02.2022,ECBE5F7627A7,TR/048
11.02.2022,ECBE5F515903,TR/052
11.02.2022,ECBE5F7695FC,TR/081
11.02.2022,ECBE5F33F2C8,TR/058
11.02.2022,CCD3C1FE1826,TR/034
11.02.2022,ECBE5F762281,TR/060
12.02.2022,ECBE5F3A5822,TR/034
12.02.2022,CCD3C173B64E,TR/046
12.02.2022,ECBE5F327A71,TR/054
12.02.2022,ECBE5F504295,TR/035
12.02.2022,ECBE5F33E563,TR/006
12.02.2022,ECBE5F33FF72,TR/006
13.02.2022,ECBE5F38FB09,TR/009
14.02.2022,ECBE5F7624F2,TR/038
14.02.2022,CCD3C1A89353,TR/009
14.02.2022,ECBE5F3A56E0,TR/017
14.02.2022,ECBE5F395A15,TR/035
14.02.2022,ECBE5F1CAA13,TR/007
14.02.2022,ECBE5F6A3C12,TR/045
14.02.2022,ECBE5F6A351D,TR/035
14.02.2022,ECBE5F69F421,TR/045
14.02.2022,ECBE5F5058B0,TR/031
14.02.2022,ECBE5F6A4145,TR/035
15.02.2022,ECBE5F33EFB2,TR/042
15.02.2022,ECBE5F6ADFB4,TR/006
15.02.2022,ECBE5F33ED1B,TR/041
15.02.2022,ECBE5F33DA67,TR/033
15.02.2022,ECBE5F33DBA6,TR/045
15.02.2022,ECBE5F3926A4,TR/034
15.02.2022,ECBE5F5143A3,TR/042
15.02.2022,ECBE5F6A2C02,TR/074
16.02.2022,ECBE5F6A7C4A,TR/023
16.02.2022,ECBE5F33FC45,TR/027
16.02.2022,ECBE5F6A0812,TR/035
16.02.2022,ECBE5F1D7E81,TR/014
16.02.2022,ECBE5F512068,TR/034
16.02.2022,ECBE5F33D4B0,TR/068
17.02.2022,ECBE5F3A59D0,TR/034
17.02.2022,ECBE5F504C3E,TR/031
17.02.2022,ECBE5F510AEE,TR/073
17.02.2022,ECBE5F52B7FB,TR/034
17.02.2022,ECBE5F3A5A66,TR/041
18.02.2022,ECBE5F393A64,TR/041
18.02.2022,CCD3C1FE15DD,TR/007
18.02.2022,ECBE5F071057,TR/006
18.02.2022,ECBE5F32DE76,TR/035
18.02.2022,ECBE5F6A2C27,TR/034
18.02.2022,ECBE5F3A59E3,TR/034
18.02.2022,ECBE5F143372,TR/059
18.02.2022,ECBE5F19CAC7,TR/071
18.02.2022,CCD3C1DBCD52,TR/034
18.02.2022,ECBE5F6B53B0,TR/034
18.02.2022,ECBE5F6B1B56,TR/016
18.02.2022,ECBE5F761605,TR/034
18.02.2022,ECBE5F69FF26,TR/035
19.02.2022,ECBE5F6A1B9C,TR/054
19.02.2022,ECBE5F35082B,TR/034
19.02.2022,ECBE5F4ED5D4,TR/038
19.02.2022,ECBE5F33FA5A,TR/027
20.02.2022,ECBE5F33F54A,TR/017
20.02.2022,ECBE5F33F023,TR/026
21.02.2022,ECBE5F6AD501,TR/041
21.02.2022,ECBE5F33DFAC,TR/034
21.02.2022,ECBE5F59DB75,TR/035
21.02.2022,ECBE5F75789D,TR/034
21.02.2022,ECBE5F6A3B73,TR/007
22.02.2022,ECBE5F14084E,TR/034
22.02.2022,ECBE5F335AEA,TR/017
22.02.2022,ECBE5F50CAFD,TR/006
22.02.2022,ECBE5F511C4D,TR/006
22.02.2022,ECBE5F392F4F,TR/001
22.02.2022,ECBE5F7F5268,TR/035
22.02.2022,ECBE5F760A04,TR/034
22.02.2022,ECBE5F754686,TR/034
22.02.2022,ECBE5F03666D,TR/007
22.02.2022,ECBE5F1D4CE9,TR/064
22.02.2022,ECBE5F321D11,TR/034
23.02.2022,ECBE5F33DA45,TR/001
23.02.2022,ECBE5F1A69CD,TR/056
23.02.2022,ECBE5F3A5831,TR/079
23.02.2022,ECBE5F13A401,TR/001
23.02.2022,ECBE5F1A331A,TR/041
23.02.2022,ECBE5F31FE72,TR/027
24.02.2022,ECBE5F38FF67,TR/038
24.02.2022,ECBE5F4F47F1,TR/067
24.02.2022,ECBE5F07F089,TR/081
24.02.2022,ECBE5F181A81,TR/026
24.02.2022,ECBE5F75DC87,TR/035
24.02.2022,ECBE5F582599,TR/042
24.02.2022,ECBE5F13A5BB,TR/041
24.02.2022,ECBE5F3A18A5,TR/035
24.02.2022,ECBE5F756F17,TR/035
24.02.2022,ECBE5F6A43B3,TR/016
25.02.2022,ECBE5F51B07B,TR/007
25.02.2022,ECBE5F13A860,TR/042
25.02.2022,ECBE5F508A25,TR/021
25.02.2022,ECBE5F763303,TR/042
25.02.2022,ECBE5F3218A9,TR/074
25.02.2022,ECBE5F38FF6A,TR/034
25.02.2022,CCD3C1D92A91,TR/006
25.02.2022,ECBE5F50BE05,TR/006
25.02.2022,ECBE5F33F95C,TR/006
25.02.2022,ECBE5F33EB34,TR/006
26.02.2022,ECBE5F3A540F,TR/034
26.02.2022,ECBE5F760D34,TR/006
26.02.2022,ECBE5F50DCB5,TR/033
26.02.2022,ECBE5F751840,TR/059
26.02.2022,ECBE5F6A2FA3,TR/034
26.02.2022,ECBE5F054A80,TR/039
26.02.2022,ECBE5F7535A6,TR/006
26.02.2022,ECBE5F754025,TR/034
27.02.2022,ECBE5F321D4B,TR/034
28.02.2022,CCD3C1ABBA97,TR/045
28.02.2022,ECBE5F390304,TR/054
28.02.2022,ECBE5F3A59D2,TR/046
28.02.2022,ECBE5F50EBAE,TR/031
28.02.2022,ECBE5F33FCCE,TR/016
28.02.2022,ECBE5F751AFA,TR/038
28.02.2022,ECBE5F571AA8,TR/034
28.02.2022,ECBE5F33E563,TR/006
28.02.2022,ECBE5F18C693,TR/035
28.02.2022,ECBE5F51068E,TR/006
28.02.2022,ECBE5F516DA5,TR/006
01.03.2022,ECBE5F33D39B,TR/018
01.03.2022,ECBE5F508EA4,TR/064
01.03.2022,ECBE5F69FF93,TR/045
01.03.2022,ECBE5F76C074,TR/006
01.03.2022,ECBE5F6A96EE,TR/035
01.03.2022,CCD3C1973A04,TR/006
01.03.2022,ECBE5F13A543,TR/052
02.03.2022,ECBE5F503A6B,TR/081
02.03.2022,ECBE5F33F3E2,TR/039
02.03.2022,ECBE5F1C3C06,TR/035
03.03.2022,ECBE5F4EB51F,TR/041
03.03.2022,ECBE5F69B125,TR/061
03.03.2022,ECBE5F6A4AAF,TR/035
03.03.2022,ECBE5F69AC24,TR/053
03.03.2022,CCD3C1972580,TR/055
04.03.2022,ECBE5F33DDFF,TR/035
04.03.2022,ECBE5F33DBA4,TR/006
04.03.2022,ECBE5F51265F,TR/034
04.03.2022,ECBE5F33DDC2,TR/007
04.03.2022,ECBE5F13A47A,TR/034
04.03.2022,ECBE5F59CB3C,TR/034
04.03.2022,ECBE5F1A69E9,TR/061
05.03.2022,ECBE5F7554BD,TR/035
05.03.2022,ECBE5F75841E,TR/006
05.03.2022,ECBE5F5143B8,TR/034
05.03.2022,ECBE5F762A91,TR/035
06.03.2022,ECBE5F510232,TR/035
06.03.2022,ECBE5F3A53F2,TR/034
06.03.2022,ECBE5F6B044F,TR/042
06.03.2022,ECBE5F336AE2,TR/034
06.03.2022,ECBE5F69F811,TR/034
06.03.2022,ECBE5F4EF3D7,TR/034
07.03.2022,ECBE5F50C9DD,TR/032
07.03.2022,ECBE5F4EBC52,TR/034
07.03.2022,ECBE5F3A51FF,TR/059
07.03.2022,ECBE5F76BD9D,TR/076
07.03.2022,ECBE5F33DED9,TR/068
07.03.2022,ECBE5F50DDD8,TR/045
07.03.2022,ECBE5F19B478,TR/034
07.03.2022,ECBE5F1CAE81,TR/035
07.03.2022,ECBE5F320313,TR/061
07.03.2022,ECBE5F33DB13,TR/035
07.03.2022,ECBE5F33DE18,TR/034
07.03.2022,ECBE5F34D769,TR/035
07.03.2022,CCD3C1FE2C09,TR/038
07.03.2022,CCD3C168A25B,TR/027
07.03.2022,ECBE5F5A0AC5,TR/048
07.03.2022,ECBE5F3A1896,TR/064
07.03.2022,ECBE5F519F23,TR/052
07.03.2022,ECBE5F6A9F31,TR/034
07.03.2022,ECBE5F762971,TR/034
08.03.2022,ECBE5F086C1E,TR/009
08.03.2022,ECBE5F3A6171,TR/045
08.03.2022,ECBE5F581BE8,TR/006
08.03.2022,ECBE5F3A578A,TR/034
08.03.2022,ECBE5F69A94B,TR/019
08.03.2022,ECBE5F18E7C4,TR/007
08.03.2022,ECBE5F513FA8,TR/035
08.03.2022,ECBE5F5189BA,TR/034
09.03.2022,ECBE5F769A3B,TR/034
09.03.2022,ECBE5F5A3509,TR/006
09.03.2022,ECBE5F59E990,TR/034
09.03.2022,ECBE5F69C41A,TR/011
09.03.2022,ECBE5F33F103,TR/046
09.03.2022,ECBE5F6AFB13,TR/021
09.03.2022,ECBE5F509D7D,TR/034
09.03.2022,ECBE5F3959EA,TR/034
09.03.2022,ECBE5F6A1FF6,TR/034
09.03.2022,ECBE5F50C091,TR/041
09.03.2022,ECBE5F1A35DE,TR/010
10.03.2022,ECBE5F4EC6D6,TR/048
10.03.2022,ECBE5F392F66,TR/031
10.03.2022,ECBE5F4EABD4,TR/034
10.03.2022,ECBE5F6B3DE7,TR/006
10.03.2022,ECBE5F76C465,TR/035
10.03.2022,ECBE5F6A2075,TR/022
10.03.2022,ECBE5F33FE66,TR/023
11.03.2022,ECBE5F76487F,TR/006
11.03.2022,ECBE5F313C90,TR/006
11.03.2022,ECBE5F0346A2,TR/034
11.03.2022,ECBE5F1D136E,TR/035
12.03.2022,ECBE5F75059B,TR/006
12.03.2022,CCD3C1D9F2B7,TR/034
12.03.2022,ECBE5F06EFA8,TR/006
12.03.2022,ECBE5F75309F,TR/026
12.03.2022,CCD3C17A336E,TR/048
12.03.2022,ECBE5F33F967,TR/037
13.03.2022,CCD3C1E5DF0E,TR/034
13.03.2022,ECBE5F69FD13,TR/016
13.03.2022,ECBE5F395D40,TR/006
13.03.2022,ECBE5F56F150,TR/035
14.03.2022,ECBE5F33F854,TR/031
14.03.2022,ECBE5F33FFDE,TR/034
14.03.2022,ECBE5F1D36B3,TR/072
14.03.2022,ECBE5F4EBA92,TR/041
14.03.2022,ECBE5F598ADF,TR/042
14.03.2022,ECBE5F44660A,TR/034
14.03.2022,ECBE5F1C5F4C,TR/052
14.03.2022,CCD3C168C430,TR/061
14.03.2022,ECBE5F69C4BE,TR/041
14.03.2022,ECBE5F1BD48E,TR/034
14.03.2022,ECBE5F52B7FB,TR/035
14.03.2022,ECBE5F1A125B,TR/047
14.03.2022,ECBE5F59B949,TR/035
14.03.2022,ECBE5F4FBF43,TR/034
15.03.2022,ECBE5F51353A,TR/034
15.03.2022,ECBE5F3A57F6,TR/034
15.03.2022,ECBE5F7543CA,TR/081
15.03.2022,ECBE5F52BB26,TR/038
15.03.2022,ECBE5F6A548F,TR/007
15.03.2022,ECBE5F3A5893,TR/016
15.03.2022,ECBE5F5826CA,TR/034
15.03.2022,ECBE5F59907A,TR/034
15.03.2022,ECBE5F07C662,TR/037
15.03.2022,ECBE5F57861B,TR/034
16.03.2022,ECBE5F33F75E,TR/034
16.03.2022,ECBE5F3A5A64,TR/014
16.03.2022,CCD3C1DEAB7B,TR/055
16.03.2022,ECBE5F6A0436,TR/034
16.03.2022,ECBE5F760D53,TR/006
16.03.2022,CCD3C1FE284F,TR/006
16.03.2022,ECBE5F59A34F,TR/034
17.03.2022,ECBE5F509E48,TR/035
17.03.2022,ECBE5F756B30,TR/035
17.03.2022,ECBE5F57EEC2,TR/041
17.03.2022,ECBE5F580C87,TR/053
17.03.2022,ECBE5F391E9D,TR/041
17.03.2022,ECBE5F764717,TR/034
18.03.2022,ECBE5F33FC2E,TR/042
18.03.2022,ECBE5F07CAFB,TR/034
18.03.2022,ECBE5F17FECD,TR/034
19.03.2022,ECBE5F3A5627,TR/059
19.03.2022,ECBE5F69B0A8,TR/009
19.03.2022,ECBE5F4E7DC5,TR/023
19.03.2022,ECBE5F6B726E,TR/021
19.03.2022,ECBE5F752F5B,TR/035
19.03.2022,ECBE5F33FD9A,TR/032
19.03.2022,CCD3C1ABD63D,TR/006
20.03.2022,ECBE5F57EF98,TR/042
20.03.2022,ECBE5F4EAE36,TR/034
20.03.2022,ECBE5F59D5C8,TR/034
20.03.2022,ECBE5F75960A,TR/042
20.03.2022,ECBE5F76994B,TR/042
20.03.2022,ECBE5F570423,TR/006
21.03.2022,ECBE5F586FD3,TR/035
21.03.2022,ECBE5F5889E7,TR/035
21.03.2022,ECBE5F6A0370,TR/079
21.03.2022,ECBE5F33F6BD,TR/034
21.03.2022,ECBE5F6ADF04,TR/006
21.03.2022,ECBE5F6A3237,TR/039
21.03.2022,ECBE5F07CA04,TR/061
21.03.2022,ECBE5F3124AA,TR/006
21.03.2022,ECBE5F07CA04,TR/061
21.03.2022,ECBE5F1BDB43,TR/044
21.03.2022,ECBE5F1C43C3,TR/034
21.03.2022,ECBE5F4F52F4,TR/016
21.03.2022,ECBE5F6A16CD,TR/080
21.03.2022,ECBE5F69EFE2,TR/034
22.03.2022,ECBE5F57F332,TR/041
22.03.2022,ECBE5F33E5E9,TR/027
22.03.2022,ECBE5F33764A,TR/027
22.03.2022,ECBE5F1D7097,TR/006
22.03.2022,ECBE5F74FF74,TR/034
22.03.2022,CCD3C1DB1146,TR/035
23.03.2022,ECBE5F3280B8,TR/059
23.03.2022,ECBE5F75E46F,TR/053
23.03.2022,ECBE5F756FFD,TR/035
23.03.2022,ECBE5F3375F7,TR/035
23.03.2022,ECBE5F751841,TR/031
23.03.2022,ECBE5F764880,TR/043
23.03.2022,ECBE5F756460,TR/016
23.03.2022,ECBE5F598E7B,TR/035
23.03.2022,ECBE5F4EEB0E,TR/034
23.03.2022,ECBE5F3A52A2,TR/034
23.03.2022,ECBE5F6A00FB,TR/035
23.03.2022,ECBE5F4E99A1,TR/038
23.03.2022,ECBE5F33FFC8,TR/006
23.03.2022,ECBE5F33FCB1,TR/042
23.03.2022,ECBE5F6B1E66,TR/016
24.03.2022,ECBE5F4EB4F6,TR/072
24.03.2022,CCD3C1FDF860,TR/059
24.03.2022,ECBE5F763954,TR/009
24.03.2022,ECBE5F33F8AF,TR/016
24.03.2022,ECBE5F3A54EB,TR/017
24.03.2022,ECBE5F6A02C4,TR/034
24.03.2022,CCD3C1BA1BAD,TR/038
24.03.2022,ECBE5F6B1EE3,TR/016
24.03.2022,ECBE5F58023E,TR/035
24.03.2022,ECBE5F6B1BF8,TR/034
24.03.2022,ECBE5F3A5987,TR/025
24.03.2022,ECBE5F3937AC,TR/034
24.03.2022,ECBE5F33F22B,TR/035
24.03.2022,CCD3C1D9F252,TR/081
24.03.2022,ECBE5F6A63A1,TR/031
24.03.2022,ECBE5F52B9B0,TR/034
24.03.2022,ECBE5F5A4473,TR/016
25.03.2022,ECBE5F33DD01,TR/044
25.03.2022,ECBE5F4F0F5F,TR/034
25.03.2022,ECBE5F500058,TR/011
25.03.2022,ECBE5F33DB8C,TR/034
25.03.2022,ECBE5F3A5B50,TR/041
25.03.2022,ECBE5F392034,TR/023
25.03.2022,ECBE5F04E945,TR/006
25.03.2022,ECBE5F1D1437,TR/006
25.03.2022,ECBE5F58625E,TR/042
25.03.2022,ECBE5F76C482,TR/034
26.03.2022,ECBE5F6B062D,TR/040
26.03.2022,ECBE5F752050,TR/006
26.03.2022,ECBE5F1BCEE7,TR/033
26.03.2022,ECBE5F756830,TR/007
26.03.2022,ECBE5F33D9E4,TR/034
26.03.2022,ECBE5F5A08D3,TR/045
26.03.2022,ECBE5F4F768E,TR/063
27.03.2022,ECBE5F519CFB,TR/034
27.03.2022,ECBE5F51C6FD,TR/006
27.03.2022,ECBE5F4F420E,TR/035
27.03.2022,ECBE5F4F946B,TR/034
27.03.2022,ECBE5F07C9C0,TR/034
28.03.2022,ECBE5F56FF7A,TR/065
28.03.2022,ECBE5F3920F2,TR/006
28.03.2022,ECBE5F327668,TR/054
28.03.2022,ECBE5F6A1517,TR/044
28.03.2022,ECBE5F574BB9,TR/035
28.03.2022,ECBE5F5A0A38,TR/035
28.03.2022,ECBE5F69EF70,TR/035
28.03.2022,ECBE5F58AC78,TR/016
28.03.2022,CCD3C1DB1F0C,TR/034
28.03.2022,ECBE5F5830C3,TR/020
28.03.2022,ECBE5F51138E,TR/016
28.03.2022,ECBE5F581F81,TR/035
28.03.2022,ECBE5F1A379E,TR/010
28.03.2022,ECBE5F75E64B,TR/034
28.03.2022,ECBE5F33F719,TR/027
28.03.2022,ECBE5F33FC17,TR/045
29.03.2022,ECBE5F69FBC8,TR/061
29.03.2022,ECBE5F33D9E0,TR/035
29.03.2022,ECBE5F18060F,TR/050
29.03.2022,ECBE5F39251C,TR/027
29.03.2022,CCD3C1782858,TR/007
29.03.2022,ECBE5F3100F1,TR/068
29.03.2022,ECBE5F32D9C7,TR/007
29.03.2022,ECBE5F760D1E,TR/035
29.03.2022,ECBE5F3A5571,TR/039
29.03.2022,ECBE5F69D543,TR/007
30.03.2022,ECBE5F753FA9,TR/072
30.03.2022,ECBE5F76AE09,TR/014
30.03.2022,ECBE5F33D40E,TR/041
30.03.2022,ECBE5F5824F8,TR/073
30.03.2022,CCD3C1D92E5F,TR/035
30.03.2022,ECBE5F52BD61,TR/034
30.03.2022,ECBE5F5824BC,TR/035
30.03.2022,ECBE5F1D68CE,TR/055
30.03.2022,ECBE5F58BA25,TR/045
30.03.2022,ECBE5F576847,TR/045
30.03.2022,ECBE5F44586C,TR/072
30.03.2022,ECBE5F33EBD4,TR/013
30.03.2022,ECBE5F33EB94,TR/035
30.03.2022,ECBE5F311FD1,TR/044
30.03.2022,ECBE5F757CEC,TR/048
30.03.2022,ECBE5F5A4073,TR/035
30.03.2022,ECBE5F3921CF,TR/035
30.03.2022,ECBE5F053EBC,TR/006
30.03.2022,ECBE5F69EE6A,TR/007
31.03.2022,ECBE5F6B7053,TR/023
31.03.2022,ECBE5F763DB7,TR/022
31.03.2022,ECBE5F327B7C,TR/048
31.03.2022,ECBE5F75544C,TR/021
31.03.2022,ECBE5F352484,TR/031
31.03.2022,ECBE5F386920,TR/046
31.03.2022,ECBE5F395991,TR/034
31.03.2022,ECBE5F5A2063,TR/006
31.03.2022,CCD3C1DB1CE5,TR/041
31.03.2022,ECBE5F33DDCD,TR/045
31.03.2022,ECBE5F13A1EF,TR/016
31.03.2022,ECBE5F3A591A,TR/054
31.03.2022,ECBE5F750408,TR/040
31.03.2022,ECBE5F762972,TR/031
31.03.2022,ECBE5F57DB7A,TR/034
31.03.2022,ECBE5F394381,TR/020
01.04.2022,ECBE5F7512F4,TR/006
01.04.2022,ECBE5F7512AB,TR/016
01.04.2022,ECBE5F51CF8C,TR/015
01.04.2022,ECBE5F4EE789,TR/034
01.04.2022,ECBE5F58B65E,TR/031
02.04.2022,ECBE5F6A383F,TR/034
02.04.2022,ECBE5F586BDD,TR/042
02.04.2022,CCD3C1DE6719,TR/041
02.04.2022,ECBE5F578460,TR/034
03.04.2022,ECBE5F3365C7,TR/034
03.04.2022,ECBE5F6AB9FF,TR/034
04.04.2022,ECBE5F58EBE1,TR/044
04.04.2022,ECBE5F57F51C,TR/031
04.04.2022,ECBE5F336BBE,TR/034
04.04.2022,ECBE5F5A3D6E,TR/034
04.04.2022,ECBE5F94C4D6,TR/034
04.04.2022,ECBE5F92BF15,TR/034
04.04.2022,ECBE5F69EAA4,TR/035
04.04.2022,ECBE5F5A0AB5,TR/045
04.04.2022,ECBE5F69BD16,TR/034
04.04.2022,ECBE5F57EEAA,TR/007
05.04.2022,ECBE5F1D1346,TR/080
05.04.2022,ECBE5F4ED02A,TR/001
05.04.2022,CCD3C168B2AD,TR/033
05.04.2022,ECBE5F76A44B,TR/007
05.04.2022,ECBE5F94CADC,TR/034
05.04.2022,ECBE5F9239F8,TR/006
06.04.2022,ECBE5F33D3DA,TR/037
06.04.2022,ECBE5F33DE91,TR/016
06.04.2022,ECBE5F92B66C,TR/045
06.04.2022,ECBE5F30FE8A,TR/061
06.04.2022,ECBE5F51D3E9,TR/035
06.04.2022,ECBE5F392EC8,TR/041
06.04.2022,ECBE5F18F631,TR/006
06.04.2022,ECBE5F591297,TR/006
06.04.2022,ECBE5F59921A,TR/006
06.04.2022,ECBE5F57DB83,TR/034
06.04.2022,ECBE5F6A001F,TR/001
06.04.2022,ECBE5F4F641D,TR/016
07.04.2022,ECBE5F752B80,TR/035
07.04.2022,ECBE5F393816,TR/031
07.04.2022,ECBE5F756588,TR/030
07.04.2022,ECBE5F76A3B0,TR/030
07.04.2022,ECBE5F3A51DF,TR/019
07.04.2022,CCD3C1BA86C4,TR/034
07.04.2022,ECBE5F92C360,TR/034
07.04.2022,ECBE5F3A6081,TR/031
07.04.2022,ECBE5F583E6B,TR/006
08.04.2022,ECBE5F94B028,TR/048
08.04.2022,CCD3C176A796,TR/016
08.04.2022,ECBE5F69FCF4,TR/035
08.04.2022,ECBE5F76C46C,TR/020
08.04.2022,ECBE5F6A677D,TR/006
08.04.2022,ECBE5F589A53,TR/015
09.04.2022,ECBE5F92F686,TR/034
09.04.2022,ECBE5F33E553,TR/034
09.04.2022,ECBE5F3A575A,TR/001
09.04.2022,ECBE5F1D61BA,TR/034
09.04.2022,ECBE5F083D95,TR/006
09.04.2022,ECBE5F06DBFA,TR/034
09.04.2022,ECBE5F49714D,TR/034
09.04.2022,ECBE5F3102F5,TR/067
09.04.2022,ECBE5F94A5A3,TR/034
10.04.2022,ECBE5F51D04E,TR/034
11.04.2022,ECBE5F50B239,TR/038
11.04.2022,ECBE5F4F50FD,TR/006
11.04.2022,ECBE5F69D5AD,TR/035
11.04.2022,ECBE5F5A29C5,TR/035
11.04.2022,CCD3C1DB732F,TR/006
11.04.2022,ECBE5F4E9F69,TR/035
11.04.2022,ECBE5F57E773,TR/034
11.04.2022,ECBE5F509E63,TR/035
11.04.2022,ECBE5F33F23B,TR/035
11.04.2022,ECBE5F94BE75,TR/034
11.04.2022,ECBE5F33FBE6,TR/034
11.04.2022,CCD3C1D9A41F,TR/009
11.04.2022,ECBE5F4FCC07,TR/003
11.04.2022,ECBE5F92B8C6,TR/034
11.04.2022,ECBE5F0599DC,TR/022
11.04.2022,CCD3C1BA8746,TR/041
11.04.2022,ECBE5F76113F,TR/034
12.04.2022,ECBE5F760D49,TR/006
12.04.2022,ECBE5F51942C,TR/010
12.04.2022,ECBE5F390279,TR/034
12.04.2022,ECBE5F92C56F,TR/034
12.04.2022,ECBE5F33FCFB,TR/035
12.04.2022,ECBE5F33D323,TR/044
12.04.2022,ECBE5F51B4FE,TR/041
12.04.2022,ECBE5F3A5118,TR/035
12.04.2022,ECBE5F6AFB4C,TR/034
12.04.2022,ECBE5F33FC5D,TR/016
12.04.2022,ECBE5F763483,TR/034
13.04.2022,ECBE5F337236,TR/028
13.04.2022,CCD3C1DC1AA0,TR/033
13.04.2022,ECBE5F51CEE4,TR/058
13.04.2022,ECBE5F3A5118,TR/035
13.04.2022,ECBE5F3A5EE7,TR/048
13.04.2022,ECBE5F7DF7F9,TR/009
13.04.2022,ECBE5F94C77E,TR/035
14.04.2022,ECBE5F755606,TR/020
14.04.2022,ECBE5F59A4F5,TR/035
14.04.2022,ECBE5F33F417,TR/001
14.04.2022,ECBE5F51CD2F,TR/039
14.04.2022,ECBE5F75FC10,TR/065
14.04.2022,ECBE5F33FD07,TR/034
14.04.2022,CCD3C1BA0DF9,TR/016
14.04.2022,ECBE5F50D9A6,TR/033
14.04.2022,ECBE5F392FA2,TR/038
14.04.2022,ECBE5F57E79E,TR/035
14.04.2022,ECBE5F1D5361,TR/061
14.04.2022,ECBE5F4EFB13,TR/034
14.04.2022,ECBE5F6A7C72,TR/033
14.04.2022,ECBE5F3A516B,TR/035
15.04.2022,ECBE5F5171D8,TR/007
15.04.2022,ECBE5F585F74,TR/042
15.04.2022,ECBE5F6AA8C8,TR/034
15.04.2022,ECBE5F75DB76,TR/034
15.04.2022,ECBE5F33DABD,TR/048
15.04.2022,ECBE5F9239B0,TR/059
15.04.2022,ECBE5F32213F,TR/001
15.04.2022,ECBE5F33D3EB,TR/015
15.04.2022,ECBE5F4EDFB7,TR/054
16.04.2022,ECBE5F6AFC1A,TR/053
16.04.2022,ECBE5F6A3E81,TR/035
16.04.2022,CCD3C1BCEEF5,TR/041
16.04.2022,ECBE5F32E030,TR/041
16.04.2022,ECBE5F33D4B6,TR/044
16.04.2022,ECBE5F33FE9A,TR/064
16.04.2022,ECBE5F58D29E,TR/042
16.04.2022,ECBE5F76A5C5,TR/006
16.04.2022,ECBE5F5004B2,TR/034
16.04.2022,ECBE5F752CA1,TR/034
16.04.2022,ECBE5F92F304,TR/034
17.04.2022,ECBE5F587E0F,TR/042
17.04.2022,ECBE5F0387EC,TR/006
17.04.2022,ECBE5F33DEF7,TR/035
18.04.2022,ECBE5F1A0B34,TR/053
18.04.2022,ECBE5F6B434A,TR/035
18.04.2022,CCD3C1DAA2D0,TR/038
18.04.2022,ECBE5F92EA33,TR/034
18.04.2022,ECBE5F5A4636,TR/042
18.04.2022,ECBE5F76AA3F,TR/045
18.04.2022,ECBE5F33F4F1,TR/016
18.04.2022,ECBE5F5877FB,TR/045
18.04.2022,ECBE5F589B19,TR/007
18.04.2022,ECBE5F04093F,TR/039
18.04.2022,ECBE5F97E66E,TR/034
18.04.2022,ECBE5F93333B,TR/001
18.04.2022,ECBE5F08178A,TR/006
18.04.2022,ECBE5F58C773,TR/034
18.04.2022,ECBE5F93C9BE,TR/034
18.04.2022,ECBE5F3A5B38,TR/006
18.04.2022,ECBE5F598B86,TR/035
18.04.2022,ECBE5F761270,TR/034
18.04.2022,ECBE5F5889C0,TR/041
18.04.2022,ECBE5F33DAA7,TR/007
18.04.2022,ECBE5F94B448,TR/041
18.04.2022,ECBE5F6AF1D8,TR/006
19.04.2022,CCD3C179543D,TR/027
19.04.2022,CCD3C1DB3E07,TR/059
19.04.2022,ECBE5F394E21,TR/035
19.04.2022,ECBE5F97EFA5,TR/044
19.04.2022,ECBE5F58151C,TR/003
20.04.2022,ECBE5F38EE44,TR/034
20.04.2022,ECBE5F395D59,TR/006
20.04.2022,ECBE5F519B1D,TR/073
21.04.2022,ECBE5F33F010,TR/034
21.04.2022,ECBE5F51B903,TR/001
21.04.2022,ECBE5F69E2A9,TR/034
21.04.2022,ECBE5F600757,TR/006
21.04.2022,ECBE5F59DA15,TR/054
21.04.2022,ECBE5F33F92A,TR/007
21.04.2022,ECBE5F19CB9D,TR/010
21.04.2022,ECBE5F91DF0A,TR/034
21.04.2022,ECBE5F1B0C35,TR/035
21.04.2022,ECBE5F4EF073,TR/041
22.04.2022,ECBE5F93A90A,TR/034
22.04.2022,ECBE5F94C338,TR/031
22.04.2022,ECBE5F17ED3A,TR/006
22.04.2022,ECBE5F7601DD,TR/054
22.04.2022,ECBE5F327E8A,TR/027
22.04.2022,ECBE5F19CB3A,TR/032
22.04.2022,ECBE5F4F87DD,TR/044
23.04.2022,ECBE5F69F689,TR/034
23.04.2022,ECBE5F5A089F,TR/034
23.04.2022,CCD3C168EBBC,TR/059
23.04.2022,ECBE5F93EB1B,TR/016
24.04.2022,ECBE5F93D95F,TR/006
24.04.2022,ECBE5F4F50E4,TR/035
24.04.2022,ECBE5F69E5D1,TR/063
24.04.2022,CCD3C1FED6EF,TR/026
24.04.2022,ECBE5F754700,TR/034
24.04.2022,ECBE5F6A5FCB,TR/034
24.04.2022,ECBE5F57FF07,TR/034
24.04.2022,ECBE5F93D863,TR/034
25.04.2022,ECBE5F6A067E,TR/035
25.04.2022,ECBE5F5A010C,TR/007
25.04.2022,ECBE5F3510C9,TR/006
25.04.2022,ECBE5F6B0FF0,TR/035
25.04.2022,ECBE5F507F3E,TR/035
25.04.2022,ECBE5F3A5248,TR/035
25.04.2022,ECBE5F51BC69,TR/039
25.04.2022,ECBE5F69B72B,TR/034
25.04.2022,ECBE5F33749D,TR/007
25.04.2022,ECBE5F933F50,TR/021
25.04.2022,ECBE5F32E889,TR/017
25.04.2022,ECBE5F393483,TR/040
25.04.2022,ECBE5F9334CE,TR/034
25.04.2022,ECBE5F50B155,TR/034
25.04.2022,ECBE5F38FA15,TR/034
25.04.2022,ECBE5F94BE27,TR/034
26.04.2022,ECBE5F3132E8,TR/016
26.04.2022,ECBE5F4F26A2,TR/059
26.04.2022,ECBE5F571C74,TR/035
26.04.2022,ECBE5F5754DE,TR/045
26.04.2022,ECBE5F928BDD,TR/047
26.04.2022,ECBE5FD72897,TR/034
26.04.2022,ECBE5F58B4F9,TR/034
26.04.2022,CCD3C1D93708,TR/034
26.04.2022,ECBE5F1CFDBC,TR/007
26.04.2022,ECBE5F5A0D80,TR/047
26.04.2022,ECBE5F30FC5E,TR/042
26.04.2022,ECBE5F58EEC2,TR/068
26.04.2022,ECBE5F062CEA,TR/009
26.04.2022,ECBE5F75293B,TR/034
27.04.2022,ECBE5F94AD45,TR/035
27.04.2022,ECBE5F580298,TR/016
27.04.2022,ECBE5F929435,TR/039
27.04.2022,ECBE5F94C605,TR/010
27.04.2022,ECBE5F6B2740,TR/017
27.04.2022,ECBE5F33F328,TR/035
27.04.2022,CCD3C1A992FD,TR/006
27.04.2022,ECBE5F12C53F,TR/038
27.04.2022,ECBE5F0C5EC3,TR/034
28.04.2022,ECBE5F5871E7,TR/006
28.04.2022,ECBE5F751812,TR/044
28.04.2022,ECBE5F9407D9,TR/034
28.04.2022,ECBE5F6AEC04,TR/078
28.04.2022,ECBE5F19862A,TR/007
28.04.2022,ECBE5F9481A9,TR/034
28.04.2022,ECBE5F5194FA,TR/041
28.04.2022,ECBE5F936D75,TR/034
28.04.2022,ECBE5F33F8E8,TR/034
28.04.2022,ECBE5F92DF41,TR/034
28.04.2022,ECBE5F755BAA,TR/033
28.04.2022,ECBE5F1CAD6D,TR/034
28.04.2022,ECBE5FD8BFB9,TR/035
28.04.2022,ECBE5FD7535F,TR/016
29.04.2022,ECBE5F321DDA,TR/034
29.04.2022,ECBE5F761ED4,TR/078
29.04.2022,CCD3C1BA9C44,TR/041
29.04.2022,CCD3C1BA1BA2,TR/035
29.04.2022,ECBE5F92B52C,TR/032
29.04.2022,ECBE5F33EEE5,TR/034
29.04.2022,ECBE5F6AB162,TR/035
29.04.2022,ECBE5F91A777,TR/048
29.04.2022,ECBE5F93C136,TR/035
30.04.2022,ECBE5F6B603E,TR/035
30.04.2022,ECBE5F336254,TR/034
30.04.2022,ECBE5F3A5949,TR/016
30.04.2022,ECBE5F757B44,TR/048
30.04.2022,ECBE5F6A9B9C,TR/045
30.04.2022,ECBE5F764D42,TR/070
30.04.2022,ECBE5F753AC1,TR/035
30.04.2022,ECBE5F6A4E4C,TR/006
30.04.2022,ECBE5F33F885,TR/020
30.04.2022,ECBE5F56F557,TR/031
01.05.2022,ECBE5F589999,TR/017
01.05.2022,ECBE5F199C54,TR/016
01.05.2022,ECBE5F3A59A7,TR/058
01.05.2022,ECBE5F6B12E0,TR/034
03.05.2022,ECBE5F13A8BB,TR/035
04.05.2022,CCD3C1A81271,TR/001
04.05.2022,ECBE5F33EF3A,TR/033
04.05.2022,ECBE5F33DB0F,TR/064
05.05.2022,ECBE5F4F2AC2,TR/020
05.05.2022,ECBE5F69BF0F,TR/006
05.05.2022,ECBE5F754264,TR/035
05.05.2022,ECBE5F33EB91,TR/039
05.05.2022,ECBE5F6A7C3A,TR/045
05.05.2022,ECBE5F1D141B,TR/010
05.05.2022,ECBE5F6B4699,TR/035
05.05.2022,ECBE5F4F60BC,TR/034
05.05.2022,ECBE5F940560,TR/007
05.05.2022,ECBE5F33D2BD,TR/032
05.05.2022,ECBE5F124C00,TR/042
06.05.2022,ECBE5F50FFB4,TR/023
06.05.2022,CCD3C1D9FA0E,TR/023
06.05.2022,ECBE5F58D33D,TR/052
06.05.2022,ECBE5F33F63A,TR/003
06.05.2022,ECBE5F939E4F,TR/006
06.05.2022,ECBE5F586AD9,TR/007
06.05.2022,ECBE5F58711B,TR/033
06.05.2022,ECBE5F1A4DD6,TR/055
06.05.2022,ECBE5F500600,TR/001
06.05.2022,ECBE5F58767E,TR/016
06.05.2022,ECBE5F5308D7,TR/034
06.05.2022,CCD3C1DAA6CF,TR/047
06.05.2022,ECBE5F590298,TR/021
06.05.2022,ECBE5F94877D,TR/048
06.05.2022,ECBE5F946B2A,TR/042
06.05.2022,ECBE5F93CFA2,TR/045
07.05.2022,ECBE5F19946C,TR/065
07.05.2022,ECBE5F753510,TR/068
07.05.2022,ECBE5F32CC26,TR/042
07.05.2022,ECBE5F3167D0,TR/048
07.05.2022,ECBE5F06F219,TR/064
07.05.2022,ECBE5F33DD04,TR/016
07.05.2022,ECBE5F58DBDF,TR/076
07.05.2022,ECBE5F391DD7,TR/035
07.05.2022,ECBE5F76AFD5,TR/006
07.05.2022,ECBE5F33F00B,TR/041
07.05.2022,ECBE5F750E08,TR/080
07.05.2022,CCD3C1FDDC34,TR/043
08.05.2022,ECBE5F93581A,TR/006
08.05.2022,ECBE5F5130A8,TR/078
08.05.2022,ECBE5F58AB6A,TR/020
08.05.2022,ECBE5F588EA0,TR/006
09.05.2022,ECBE5F948466,TR/035
09.05.2022,CCD3C179A80A,TR/041
09.05.2022,ECBE5F395DEB,TR/027
09.05.2022,ECBE5F930B00,TR/045
09.05.2022,ECBE5F6AD0B0,TR/035
09.05.2022,ECBE5F943F1E,TR/034
09.05.2022,ECBE5F7655FF,TR/006
09.05.2022,ECBE5FD75E69,TR/035
09.05.2022,ECBE5F753C7B,TR/059
10.05.2022,ECBE5F3A59B8,TR/035
10.05.2022,ECBE5F30FE5D,TR/035
10.05.2022,ECBE5F93ECE6,TR/035
10.05.2022,ECBE5F942D44,TR/007
10.05.2022,ECBE5F93A00C,TR/034
10.05.2022,ECBE5F1A1312,TR/014
10.05.2022,ECBE5F579261,TR/034
10.05.2022,ECBE5F92A43E,TR/035
10.05.2022,ECBE5F589667,TR/035
11.05.2022,ECBE5F33FB66,TR/020
11.05.2022,ECBE5F7518A6,TR/034
11.05.2022,ECBE5F3934B8,TR/073
11.05.2022,ECBE5F311F1D,TR/034
11.05.2022,ECBE5F942A6D,TR/035
11.05.2022,ECBE5F762A73,TR/034
11.05.2022,ECBE5F91AA73,TR/034
11.05.2022,ECBE5F395866,TR/078
11.05.2022,ECBE5F33E998,TR/016
11.05.2022,ECBE5F4FA5D1,TR/027
11.05.2022,ECBE5F33D339,TR/034
12.05.2022,ECBE5F9288EB,TR/045
12.05.2022,CCD3C1DC8CE3,TR/034
12.05.2022,ECBE5F080E89,TR/034
12.05.2022,ECBE5F6A40A8,TR/035
12.05.2022,ECBE5F1D13DF,TR/045
12.05.2022,ECBE5F4E8467,TR/035
12.05.2022,ECBE5F38EEC5,TR/034
12.05.2022,ECBE5F4F0EAE,TR/059
12.05.2022,ECBE5F93428B,TR/041
13.05.2022,ECBE5F92E926,TR/006
13.05.2022,ECBE5F9300A8,TR/008
13.05.2022,ECBE5F5871CA,TR/021
13.05.2022,ECBE5F92B31F,TR/006
13.05.2022,ECBE5F56F138,TR/006
13.05.2022,ECBE5F18C8A4,TR/006
13.05.2022,ECBE5F57E63A,TR/045
13.05.2022,CCD3C1DB0EE0,TR/006
13.05.2022,ECBE5F69B781,TR/006
13.05.2022,ECBE5F02FED4,TR/046
13.05.2022,ECBE5F129E9C,TR/006
13.05.2022,ECBE5F30FD06,TR/034
14.05.2022,ECBE5F699CA8,TR/035
14.05.2022,ECBE5F18DB22,TR/006
14.05.2022,ECBE5F6A3441,TR/016
14.05.2022,CCD3C1DAA29E,TR/045
14.05.2022,ECBE5F6B2E39,TR/067
14.05.2022,ECBE5F33F209,TR/034
14.05.2022,ECBE5F948780,TR/035
14.05.2022,CCD3C1D99325,TR/065
15.05.2022,ECBE5F59A826,TR/034
15.05.2022,ECBE5F327C46,TR/081
15.05.2022,ECBE5F18DE07,TR/047
16.05.2022,ECBE5FD785B0,TR/035
16.05.2022,ECBE5F4EFC26,TR/059
16.05.2022,ECBE5F33FEBC,TR/055
16.05.2022,ECBE5F6A537F,TR/080
16.05.2022,ECBE5F4EE879,TR/034
16.05.2022,ECBE5F933C66,TR/006
16.05.2022,ECBE5F571888,TR/016
16.05.2022,ECBE5F50006C,TR/041
16.05.2022,ECBE5F1A44AA,TR/035
16.05.2022,ECBE5F1A10F3,TR/030
16.05.2022,ECBE5F51B4D2,TR/054
16.05.2022,ECBE5F94878B,TR/016
16.05.2022,ECBE5F946DB8,TR/001
16.05.2022,ECBE5F92C944,TR/034
16.05.2022,ECBE5F1D3C6A,TR/063
16.05.2022,ECBE5F38EC94,TR/034
16.05.2022,ECBE5F93233C,TR/007
17.05.2022,CCD3C1346E24,TR/034
17.05.2022,ECBE5F9303D6,TR/010
17.05.2022,ECBE5FD927B0,TR/045
17.05.2022,ECBE5F51008D,TR/047
17.05.2022,ECBE5F93B479,TR/067
18.05.2022,ECBE5F6A0FFF,TR/039
18.05.2022,ECBE5F753B30,TR/035
18.05.2022,ECBE5F33E584,TR/034
18.05.2022,ECBE5F1A5CA4,TR/034
18.05.2022,ECBE5F93DDE8,TR/001
18.05.2022,ECBE5F58C070,TR/007
19.05.2022,ECBE5F51592C,TR/021
19.05.2022,ECBE5F94AE93,TR/032
19.05.2022,ECBE5F0565C9,TR/053
19.05.2022,ECBE5F6A3BBE,TR/034
19.05.2022,ECBE5FD8B66B,TR/034
19.05.2022,CCD3C176ECB4,TR/027
19.05.2022,ECBE5F926764,TR/034
19.05.2022,ECBE5F6A7508,TR/016
19.05.2022,ECBE5F937F05,TR/001
20.05.2022,ECBE5F6B4118,TR/038
20.05.2022,ECBE5F33EB99,TR/020
20.05.2022,ECBE5F395920,TR/027
20.05.2022,ECBE5F9465F1,TR/026
20.05.2022,ECBE5F386968,TR/006
20.05.2022,ECBE5F93C174,TR/035
20.05.2022,ECBE5F043CA0,TR/034
20.05.2022,CCD3C173CC0C,TR/030
20.05.2022,ECBE5F587161,TR/020
20.05.2022,ECBE5F5926C7,TR/035
20.05.2022,ECBE5F91B1B6,TR/006
20.05.2022,ECBE5F69A62E,TR/075
20.05.2022,ECBE5F937BD4,TR/063
21.05.2022,CCD3C1A8AA80,TR/032
21.05.2022,ECBE5F584077,TR/031
21.05.2022,ECBE5F5A2881,TR/042
21.05.2022,ECBE5F52BB25,TR/035
21.05.2022,ECBE5F9486FF,TR/034
21.05.2022,ECBE5F33E9F8,TR/034
21.05.2022,ECBE5F321B53,TR/035
21.05.2022,ECBE5F3A5685,TR/035
21.05.2022,ECBE5F92D3EA,TR/073
21.05.2022,ECBE5F90EC80,TR/034
21.05.2022,ECBE5F75F78C,TR/059
21.05.2022,ECBE5F53DE9F,TR/034
22.05.2022,ECBE5FD884C7,TR/045
22.05.2022,ECBE5FD92936,TR/035
22.05.2022,ECBE5F390EE1,TR/034
23.05.2022,CCD3C1D91C08,TR/034
23.05.2022,ECBE5F503C14,TR/054
23.05.2022,ECBE5F506743,TR/067
23.05.2022,ECBE5F06F1E8,TR/032
23.05.2022,ECBE5F1BD979,TR/003
23.05.2022,ECBE5F92B561,TR/048
23.05.2022,CCD3C1FEBB9E,TR/055
23.05.2022,ECBE5FD749AE,TR/034
23.05.2022,ECBE5F445BE6,TR/034
23.05.2022,CCD3C1DAC086,TR/006
23.05.2022,ECBE5F33F3DE,TR/020
23.05.2022,ECBE5F33F712,TR/020
23.05.2022,ECBE5F9306E8,TR/059
23.05.2022,ECBE5F3A5FD5,TR/055
24.05.2022,ECBE5F19CBB8,TR/033
24.05.2022,ECBE5F3A190D,TR/034
24.05.2022,CCD3C1BA3FBA,TR/006
24.05.2022,ECBE5F93B72F,TR/034
24.05.2022,ECBE5F58002E,TR/016
24.05.2022,ECBE5F513D7D,TR/034
24.05.2022,ECBE5F75E1F2,TR/054
25.05.2022,ECBE5F91A76A,TR/038
25.05.2022,ECBE5F760103,TR/048
25.05.2022,ECBE5F1D3F6F,TR/045
25.05.2022,ECBE5FD54143,TR/035
25.05.2022,ECBE5F90C265,TR/006
25.05.2022,ECBE5F33FD2F,TR/034
25.05.2022,ECBE5FD79A99,TR/035
26.05.2022,ECBE5F93A8BB,TR/035
26.05.2022,ECBE5F4EE8BB,TR/046
26.05.2022,ECBE5F1B0180,TR/034
26.05.2022,ECBE5F510525,TR/009
26.05.2022,ECBE5F92F773,TR/071
26.05.2022,ECBE5F32E297,TR/063
26.05.2022,ECBE5F69A2FF,TR/045
26.05.2022,ECBE5F13A7FE,TR/063
26.05.2022,ECBE5F33D2C3,TR/011
26.05.2022,ECBE5FD84A11,TR/059
26.05.2022,ECBE5F91BB53,TR/006
26.05.2022,ECBE5F4FF5CA,TR/034
26.05.2022,ECBE5F062FA4,TR/006
26.05.2022,ECBE5F1CAB7A,TR/041
27.05.2022,ECBE5F1D56AB,TR/034
27.05.2022,ECBE5F93B55D,TR/034
27.05.2022,ECBE5F92F788,TR/035
27.05.2022,ECBE5F33F3B4,TR/034
27.05.2022,ECBE5FD5FD12,TR/034
27.05.2022,ECBE5FD54C09,TR/035
27.05.2022,ECBE5F4FFF35,TR/034
27.05.2022,ECBE5F58C992,TR/034
27.05.2022,CCD3C1DD7EE0,TR/035
27.05.2022,ECBE5FD53CB6,TR/013
27.05.2022,ECBE5FD88508,TR/006
27.05.2022,ECBE5F1AFA8C,TR/020
27.05.2022,ECBE5F4EC1D9,TR/006
27.05.2022,ECBE5F3362EE,TR/016
27.05.2022,CCD3C1DDF367,TR/014
27.05.2022,ECBE5F509A8D,TR/016
27.05.2022,ECBE5F6ABD54,TR/034
27.05.2022,ECBE5F942FFE,TR/080
27.05.2022,ECBE5F310292,TR/035
28.05.2022,ECBE5F58415E,TR/079
28.05.2022,ECBE5FD92926,TR/068
28.05.2022,ECBE5F51D3B1,TR/034
28.05.2022,ECBE5FD72986,TR/032
28.05.2022,ECBE5F6AC6E7,TR/026
28.05.2022,ECBE5F18DCB4,TR/009
28.05.2022,CCD3C1BA28CA,TR/006
28.05.2022,ECBE5F33D9DE,TR/009
29.05.2022,ECBE5FD63285,TR/006
29.05.2022,ECBE5F33F48C,TR/033
29.05.2022,ECBE5F9394E9,TR/034
30.05.2022,ECBE5F510525,TR/009
30.05.2022,ECBE5F942F3E,TR/041
30.05.2022,ECBE5F394474,TR/041
30.05.2022,ECBE5F5156F9,TR/055
30.05.2022,ECBE5F923347,TR/001
30.05.2022,ECBE5F942D7C,TR/031
30.05.2022,ECBE5FD8E6F0,TR/014
30.05.2022,ECBE5F513BB7,TR/055
30.05.2022,ECBE5F93E4A8,TR/016
30.05.2022,ECBE5F93B47A,TR/035
30.05.2022,ECBE5F3A52E7,TR/034
30.05.2022,ECBE5F5A43B1,TR/034
30.05.2022,ECBE5FD8B4C5,TR/035
30.05.2022,ECBE5F18B456,TR/028
30.05.2022,ECBE5F90C875,TR/016
30.05.2022,ECBE5F9264D4,TR/025
31.05.2022,ECBE5F581A6A,TR/006
31.05.2022,ECBE5F9311AD,TR/034
31.05.2022,ECBE5F57E390,TR/034
31.05.2022,ECBE5F76C3B2,TR/045
31.05.2022,ECBE5F6A3793,TR/003
31.05.2022,ECBE5F50F428,TR/023
31.05.2022,ECBE5FD6E360,TR/035
31.05.2022,ECBE5F4EAC2A,TR/016
31.05.2022,CCD3C1FE4B88,TR/061
31.05.2022,ECBE5FD5472F,TR/016
31.05.2022,ECBE5FD83463,TR/035
31.05.2022,CCD3C1DAA2D8,TR/035
31.05.2022,ECBE5F91B0F9,TR/034
31.05.2022,ECBE5F9396C9,TR/035
31.05.2022,ECBE5F337BBC,TR/034
31.05.2022,ECBE5F93D5C1,TR/007